"../../../Engine/Content/EditorResources/S_Actor.ubulk" 0
"../../../Engine/Content/EditorResources/S_Actor.uasset" 1
"../../../Engine/Content/EditorResources/S_Actor.uexp" 2
"../../../Engine/Content/EditorResources/S_BoxReflectionCapture.uasset" 3
"../../../Engine/Content/EditorResources/S_BoxReflectionCapture.uexp" 4
"../../../Engine/Content/EngineResources/DefaultTexture.ubulk" 5
"../../../Engine/Content/EngineResources/DefaultTexture.uasset" 6
"../../../Engine/Content/EngineResources/DefaultTexture.uexp" 7
"../../../Engine/Content/EngineResources/DefaultTextureCube.uasset" 8
"../../../Engine/Content/EngineResources/DefaultTextureCube.uexp" 9
"../../../Engine/Content/EngineResources/DefaultVolumeTexture2D.uasset" 10
"../../../Engine/Content/EngineResources/DefaultVolumeTexture2D.uexp" 11
"../../../Engine/Content/EngineResources/DefaultVolumeTexture.uasset" 12
"../../../Engine/Content/EngineResources/DefaultVolumeTexture.uexp" 13
"../../../Engine/Content/EditorResources/S_Trigger.ubulk" 14
"../../../Engine/Content/EditorResources/S_Trigger.uasset" 15
"../../../Engine/Content/EditorResources/S_Trigger.uexp" 16
"../../../Engine/Content/EditorResources/S_TriggerBox.uasset" 17
"../../../Engine/Content/EditorResources/S_TriggerBox.uexp" 18
"../../../Engine/Content/EditorResources/S_TriggerCapsule.uasset" 19
"../../../Engine/Content/EditorResources/S_TriggerCapsule.uexp" 20
"../../../Engine/Content/EditorResources/S_TriggerSphere.uasset" 21
"../../../Engine/Content/EditorResources/S_TriggerSphere.uexp" 22
"../../../Engine/Content/EngineMeshes/Sphere.ubulk" 23
"../../../Engine/Content/EngineMeshes/Sphere.uasset" 24
"../../../Engine/Content/EngineMeshes/Sphere.uexp" 25
"../../../Engine/Content/EngineResources/GradientTexture0.uasset" 26
"../../../Engine/Content/EngineResources/GradientTexture0.uexp" 27
"../../../Engine/Content/EngineResources/Black.uasset" 28
"../../../Engine/Content/EngineResources/Black.uexp" 29
"../../../Engine/Content/VREditor/LaserPointer/VR_LaserPower_01.ubulk" 30
"../../../Engine/Content/VREditor/LaserPointer/VR_LaserPower_01.uasset" 31
"../../../Engine/Content/VREditor/LaserPointer/VR_LaserPower_01.uexp" 32
"../../../Engine/Content/VREditor/TransformGizmo/TransformGizmoMaterial.uasset" 33
"../../../Engine/Content/VREditor/TransformGizmo/TransformGizmoMaterial.uexp" 34
"../../../Engine/Content/VREditor/TransformGizmo/TranslucentTransformGizmoMaterial.uasset" 35
"../../../Engine/Content/VREditor/TransformGizmo/TranslucentTransformGizmoMaterial.uexp" 36
"../../../Engine/Content/VREditor/TransformGizmo/BoundingBoxCorner.ubulk" 37
"../../../Engine/Content/VREditor/TransformGizmo/BoundingBoxCorner.uasset" 38
"../../../Engine/Content/VREditor/TransformGizmo/BoundingBoxCorner.uexp" 39
"../../../Engine/Content/VREditor/TransformGizmo/BoundingBoxEdge.ubulk" 40
"../../../Engine/Content/VREditor/TransformGizmo/BoundingBoxEdge.uasset" 41
"../../../Engine/Content/VREditor/TransformGizmo/BoundingBoxEdge.uexp" 42
"../../../Engine/Content/VREditor/TransformGizmo/Main.uasset" 43
"../../../Engine/Content/VREditor/TransformGizmo/Main.uexp" 44
"../../../Engine/Content/VREditor/TransformGizmo/Xray.uasset" 45
"../../../Engine/Content/VREditor/TransformGizmo/Xray.uexp" 46
"../../../Engine/Content/VREditor/TransformGizmo/SM_Sequencer_Node.ubulk" 47
"../../../Engine/Content/VREditor/TransformGizmo/SM_Sequencer_Node.uasset" 48
"../../../Engine/Content/VREditor/TransformGizmo/SM_Sequencer_Node.uexp" 49
"../../../Engine/Content/EditorResources/S_Solver.ubulk" 50
"../../../Engine/Content/EditorResources/S_Solver.uasset" 51
"../../../Engine/Content/EditorResources/S_Solver.uexp" 52
"../../../Engine/Content/EditorMaterials/Camera/CineMat.uasset" 53
"../../../Engine/Content/EditorMaterials/Camera/CineMat.uexp" 54
"../../../Engine/Content/EditorMaterials/Camera/MI_CineMat_Rig.uasset" 55
"../../../Engine/Content/EditorMaterials/Camera/MI_CineMat_Rig.uexp" 56
"../../../Engine/Content/EditorMeshes/Camera/SM_CraneRig_Base.ubulk" 57
"../../../Engine/Content/EditorMeshes/Camera/SM_CraneRig_Base.uasset" 58
"../../../Engine/Content/EditorMeshes/Camera/SM_CraneRig_Base.uexp" 59
"../../../Engine/Content/EditorMeshes/Camera/SM_CraneRig_Arm.ubulk" 60
"../../../Engine/Content/EditorMeshes/Camera/SM_CraneRig_Arm.uasset" 61
"../../../Engine/Content/EditorMeshes/Camera/SM_CraneRig_Arm.uexp" 62
"../../../Engine/Content/EditorMeshes/Camera/SM_CraneRig_Mount.ubulk" 63
"../../../Engine/Content/EditorMeshes/Camera/SM_CraneRig_Mount.uasset" 64
"../../../Engine/Content/EditorMeshes/Camera/SM_CraneRig_Mount.uexp" 65
"../../../Engine/Content/EditorMeshes/Camera/SM_CraneRig_Body.ubulk" 66
"../../../Engine/Content/EditorMeshes/Camera/SM_CraneRig_Body.uasset" 67
"../../../Engine/Content/EditorMeshes/Camera/SM_CraneRig_Body.uexp" 68
"../../../Engine/Content/EditorMeshes/Camera/SM_RailRig_Track.ubulk" 69
"../../../Engine/Content/EditorMeshes/Camera/SM_RailRig_Track.uasset" 70
"../../../Engine/Content/EditorMeshes/Camera/SM_RailRig_Track.uexp" 71
"../../../Engine/Content/EditorMeshes/Camera/SM_RailRig_Mount.ubulk" 72
"../../../Engine/Content/EditorMeshes/Camera/SM_RailRig_Mount.uasset" 73
"../../../Engine/Content/EditorMeshes/Camera/SM_RailRig_Mount.uexp" 74
"../../../Engine/Content/EngineMaterials/T_Default_Material_Grid_M.ubulk" 75
"../../../Engine/Content/EngineMaterials/T_Default_Material_Grid_M.uasset" 76
"../../../Engine/Content/EngineMaterials/T_Default_Material_Grid_M.uexp" 77
"../../../Engine/Content/EngineMaterials/T_Default_Material_Grid_N.ubulk" 78
"../../../Engine/Content/EngineMaterials/T_Default_Material_Grid_N.uasset" 79
"../../../Engine/Content/EngineMaterials/T_Default_Material_Grid_N.uexp" 80
"../../../Engine/Content/Functions/Engine_MaterialFunctions01/Opacity/CameraDepthFade.uasset" 81
"../../../Engine/Content/Functions/Engine_MaterialFunctions01/Opacity/CameraDepthFade.uexp" 82
"../../../Engine/Content/EngineMaterials/WorldGridMaterial.uasset" 83
"../../../Engine/Content/EngineMaterials/WorldGridMaterial.uexp" 84
"../../../Engine/Content/ArtTools/RenderToTexture/Meshes/S_1_Unit_Plane.ubulk" 85
"../../../Engine/Content/ArtTools/RenderToTexture/Meshes/S_1_Unit_Plane.uasset" 86
"../../../Engine/Content/ArtTools/RenderToTexture/Meshes/S_1_Unit_Plane.uexp" 87
"../../../Engine/Content/EditorMaterials/ParticleSystems/PSysThumbnail_NoImage.ubulk" 88
"../../../Engine/Content/EditorMaterials/ParticleSystems/PSysThumbnail_NoImage.uasset" 89
"../../../Engine/Content/EditorMaterials/ParticleSystems/PSysThumbnail_NoImage.uexp" 90
"../../../Engine/Content/EditorMaterials/ParticleSystems/PSysThumbnail_OOD.ubulk" 91
"../../../Engine/Content/EditorMaterials/ParticleSystems/PSysThumbnail_OOD.uasset" 92
"../../../Engine/Content/EditorMaterials/ParticleSystems/PSysThumbnail_OOD.uexp" 93
"../../../Engine/Content/EditorLandscapeResources/SplineEditorMeshMat.uasset" 94
"../../../Engine/Content/EditorLandscapeResources/SplineEditorMeshMat.uexp" 95
"../../../Engine/Content/EditorLandscapeResources/SplineEditorMesh.ubulk" 96
"../../../Engine/Content/EditorLandscapeResources/SplineEditorMesh.uasset" 97
"../../../Engine/Content/EditorLandscapeResources/SplineEditorMesh.uexp" 98
"../../../Engine/Plugins/Media/MediaPlate/Content/SM_MediaPlateScreen.ubulk" 99
"../../../Engine/Plugins/Media/MediaPlate/Content/SM_MediaPlateScreen.uasset" 100
"../../../Engine/Plugins/Media/MediaPlate/Content/SM_MediaPlateScreen.uexp" 101
"../../../Engine/Content/EngineMaterials/DefaultBokeh.uasset" 102
"../../../Engine/Content/EngineMaterials/DefaultBokeh.uexp" 103
"../../../Engine/Content/EngineMaterials/MiniFont.uasset" 104
"../../../Engine/Content/EngineMaterials/MiniFont.uexp" 105
"../../../Engine/Content/EngineMaterials/WeightMapPlaceholderTexture.uasset" 106
"../../../Engine/Content/EngineMaterials/WeightMapPlaceholderTexture.uexp" 107
"../../../Engine/Content/EngineMaterials/WeightMapArrayPlaceholderTexture.uasset" 108
"../../../Engine/Content/EngineMaterials/WeightMapArrayPlaceholderTexture.uexp" 109
"../../../Engine/Content/EngineMaterials/DefaultWhiteGrid.ubulk" 110
"../../../Engine/Content/EngineMaterials/DefaultWhiteGrid.uasset" 111
"../../../Engine/Content/EngineMaterials/DefaultWhiteGrid.uexp" 112
"../../../Engine/Content/EngineMaterials/PreintegratedSkinBRDF.uasset" 113
"../../../Engine/Content/EngineMaterials/PreintegratedSkinBRDF.uexp" 114
"../../../Engine/Plugins/Animation/ACLPlugin/Content/ACLAnimCurveCompressionSettings.uasset" 115
"../../../Engine/Plugins/Animation/ACLPlugin/Content/ACLAnimCurveCompressionSettings.uexp" 116
"../../../Engine/Plugins/Animation/ACLPlugin/Content/ACLAnimBoneCompressionSettings.uasset" 117
"../../../Engine/Plugins/Animation/ACLPlugin/Content/ACLAnimBoneCompressionSettings.uexp" 118
"../../../Engine/Plugins/2D/Paper2D/Content/PlaceholderTextures/DummySpriteTexture.ubulk" 119
"../../../Engine/Plugins/2D/Paper2D/Content/PlaceholderTextures/DummySpriteTexture.uasset" 120
"../../../Engine/Plugins/2D/Paper2D/Content/PlaceholderTextures/DummySpriteTexture.uexp" 121
"../../../Engine/Plugins/2D/Paper2D/Content/DefaultSpriteMaterial.uasset" 122
"../../../Engine/Plugins/2D/Paper2D/Content/DefaultSpriteMaterial.uexp" 123
"../../../Engine/Plugins/2D/Paper2D/Content/OpaqueUnlitSpriteMaterial.uasset" 124
"../../../Engine/Plugins/2D/Paper2D/Content/OpaqueUnlitSpriteMaterial.uexp" 125
"../../../Engine/Plugins/2D/Paper2D/Content/MaskedUnlitSpriteMaterial.uasset" 126
"../../../Engine/Plugins/2D/Paper2D/Content/MaskedUnlitSpriteMaterial.uexp" 127
"../../../Engine/Plugins/2D/Paper2D/Content/DummySprite.uasset" 128
"../../../Engine/Plugins/2D/Paper2D/Content/DummySprite.uexp" 129
"../../../Engine/Plugins/2D/Paper2D/Content/DefaultPaperTerrainMaterial.uasset" 130
"../../../Engine/Plugins/2D/Paper2D/Content/DefaultPaperTerrainMaterial.uexp" 131
"../../../Engine/Content/Functions/Engine_MaterialFunctions02/WorldPositionOffset/CameraOffset.uasset" 132
"../../../Engine/Content/Functions/Engine_MaterialFunctions02/WorldPositionOffset/CameraOffset.uexp" 133
"../../../Engine/Plugins/Animation/ControlRig/Content/M_Manip.uasset" 134
"../../../Engine/Plugins/Animation/ControlRig/Content/M_Manip.uexp" 135
"../../../Engine/Plugins/Runtime/MeshModelingToolset/Content/Materials/M_DynamicMeshComponentVtxColor.uasset" 136
"../../../Engine/Plugins/Runtime/MeshModelingToolset/Content/Materials/M_DynamicMeshComponentVtxColor.uexp" 137
"../../../Engine/Plugins/Interchange/Runtime/Content/Pipelines/DefaultTexturePipeline.uasset" 138
"../../../Engine/Plugins/Interchange/Runtime/Content/Pipelines/DefaultTexturePipeline.uexp" 139
"../../../Engine/Plugins/Interchange/Runtime/Content/Pipelines/DefaultSceneLevelPipeline.uasset" 140
"../../../Engine/Plugins/Interchange/Runtime/Content/Pipelines/DefaultSceneLevelPipeline.uexp" 141
"../../../Engine/Plugins/Interchange/Runtime/Content/Pipelines/DefaultSceneAssetsPipeline.uasset" 142
"../../../Engine/Plugins/Interchange/Runtime/Content/Pipelines/DefaultSceneAssetsPipeline.uexp" 143
"../../../Engine/Plugins/Interchange/Runtime/Content/Pipelines/DefaultMaterialXPipeline.uasset" 144
"../../../Engine/Plugins/Interchange/Runtime/Content/Pipelines/DefaultMaterialXPipeline.uexp" 145
"../../../Engine/Plugins/Interchange/Runtime/Content/Pipelines/DefaultMaterialPipeline.uasset" 146
"../../../Engine/Plugins/Interchange/Runtime/Content/Pipelines/DefaultMaterialPipeline.uexp" 147
"../../../Engine/Plugins/Interchange/Runtime/Content/Pipelines/DefaultGLTFSceneAssetsPipeline.uasset" 148
"../../../Engine/Plugins/Interchange/Runtime/Content/Pipelines/DefaultGLTFSceneAssetsPipeline.uexp" 149
"../../../Engine/Plugins/Interchange/Runtime/Content/Pipelines/DefaultGLTFPipeline.uasset" 150
"../../../Engine/Plugins/Interchange/Runtime/Content/Pipelines/DefaultGLTFPipeline.uexp" 151
"../../../Engine/Plugins/Interchange/Runtime/Content/Pipelines/DefaultGLTFAssetsPipeline.uasset" 152
"../../../Engine/Plugins/Interchange/Runtime/Content/Pipelines/DefaultGLTFAssetsPipeline.uexp" 153
"../../../Engine/Plugins/Interchange/Runtime/Content/Pipelines/DefaultAssetsPipeline.uasset" 154
"../../../Engine/Plugins/Interchange/Runtime/Content/Pipelines/DefaultAssetsPipeline.uexp" 155
"../../../Engine/Plugins/Interchange/Runtime/Content/Functions/MX_UsdPreviewSurface.uasset" 156
"../../../Engine/Plugins/Interchange/Runtime/Content/Functions/MX_UsdPreviewSurface.uexp" 157
"../../../Engine/Plugins/Interchange/Runtime/Content/Functions/MX_UniformEDF.uasset" 158
"../../../Engine/Plugins/Interchange/Runtime/Content/Functions/MX_UniformEDF.uexp" 159
"../../../Engine/Plugins/Interchange/Runtime/Content/Functions/MX_TranslucentBSDF.uasset" 160
"../../../Engine/Plugins/Interchange/Runtime/Content/Functions/MX_TranslucentBSDF.uexp" 161
"../../../Engine/Plugins/Interchange/Runtime/Content/Functions/MX_ThinFilmBSDF.uasset" 162
"../../../Engine/Plugins/Interchange/Runtime/Content/Functions/MX_ThinFilmBSDF.uexp" 163
"../../../Engine/Plugins/Interchange/Runtime/Content/Functions/MX_SurfaceUnlit.uasset" 164
"../../../Engine/Plugins/Interchange/Runtime/Content/Functions/MX_SurfaceUnlit.uexp" 165
"../../../Engine/Plugins/Interchange/Runtime/Content/Functions/MX_Surface.uasset" 166
"../../../Engine/Plugins/Interchange/Runtime/Content/Functions/MX_Surface.uexp" 167
"../../../Engine/Plugins/Interchange/Runtime/Content/Functions/MX_SubsurfaceBSDF.uasset" 168
"../../../Engine/Plugins/Interchange/Runtime/Content/Functions/MX_SubsurfaceBSDF.uexp" 169
"../../../Engine/Plugins/Interchange/Runtime/Content/Functions/MX_SheenBSDF.uasset" 170
"../../../Engine/Plugins/Interchange/Runtime/Content/Functions/MX_SheenBSDF.uexp" 171
"../../../Engine/Plugins/Interchange/Runtime/Content/Functions/MX_OrenNayarBSDF.uasset" 172
"../../../Engine/Plugins/Interchange/Runtime/Content/Functions/MX_OrenNayarBSDF.uexp" 173
"../../../Engine/Content/Functions/Engine_MaterialFunctions02/Utility/CameraDirectionVector.uasset" 174
"../../../Engine/Content/Functions/Engine_MaterialFunctions02/Utility/CameraDirectionVector.uexp" 175
"../../../Engine/Content/Functions/Engine_MaterialFunctions01/Volumetrics/BeersLaw.uasset" 176
"../../../Engine/Content/Functions/Engine_MaterialFunctions01/Volumetrics/BeersLaw.uexp" 177
"../../../Engine/Content/EngineMaterials/Good64x64TilingNoiseHighFreq.uasset" 178
"../../../Engine/Content/EngineMaterials/Good64x64TilingNoiseHighFreq.uexp" 179
"../../../Engine/Content/Functions/Engine_MaterialFunctions02/Texturing/ScreenAlignedPixelToPixelUVs.uasset" 180
"../../../Engine/Content/Functions/Engine_MaterialFunctions02/Texturing/ScreenAlignedPixelToPixelUVs.uexp" 181
"../../../Engine/Plugins/Interchange/Runtime/Content/gltf/MaterialFunctions/MF_Temporal_Blur.uasset" 182
"../../../Engine/Plugins/Interchange/Runtime/Content/gltf/MaterialFunctions/MF_Temporal_Blur.uexp" 183
"../../../Engine/Plugins/Interchange/Runtime/Content/gltf/MaterialFunctions/MF_Fresnel_DS.uasset" 184
"../../../Engine/Plugins/Interchange/Runtime/Content/gltf/MaterialFunctions/MF_Fresnel_DS.uexp" 185
"../../../Engine/Content/Functions/Engine_MaterialFunctions02/Utility/BreakOutFloat3Components.uasset" 186
"../../../Engine/Content/Functions/Engine_MaterialFunctions02/Utility/BreakOutFloat3Components.uexp" 187
"../../../Engine/Plugins/Interchange/Runtime/Content/Functions/MX_Transmission.uasset" 188
"../../../Engine/Plugins/Interchange/Runtime/Content/Functions/MX_Transmission.uexp" 189
"../../../Engine/Plugins/Interchange/Runtime/Content/Functions/MF_OrenNayerView.uasset" 190
"../../../Engine/Plugins/Interchange/Runtime/Content/Functions/MF_OrenNayerView.uexp" 191
"../../../Engine/Plugins/Interchange/Runtime/Content/Functions/MF_SchlickApprox.uasset" 192
"../../../Engine/Plugins/Interchange/Runtime/Content/Functions/MF_SchlickApprox.uexp" 193
"../../../Engine/Plugins/Interchange/Runtime/Content/Utilities/New_LUT.uasset" 194
"../../../Engine/Plugins/Interchange/Runtime/Content/Utilities/New_LUT.uexp" 195
"../../../Engine/Content/Functions/Engine_MaterialFunctions03/Math/RemapValueRange.uasset" 196
"../../../Engine/Content/Functions/Engine_MaterialFunctions03/Math/RemapValueRange.uexp" 197
"../../../Engine/Plugins/Interchange/Runtime/Content/Functions/MF_Iridescence.uasset" 198
"../../../Engine/Plugins/Interchange/Runtime/Content/Functions/MF_Iridescence.uexp" 199
"../../../Engine/Plugins/Interchange/Runtime/Content/Functions/MX_StandardSurface.uasset" 200
"../../../Engine/Plugins/Interchange/Runtime/Content/Functions/MX_StandardSurface.uexp" 201
"../../../Engine/Plugins/Interchange/Runtime/Content/Functions/MX_TransmissionSurface.uasset" 202
"../../../Engine/Plugins/Interchange/Runtime/Content/Functions/MX_TransmissionSurface.uexp" 203
"../../../Engine/Plugins/Interchange/Runtime/Content/Functions/MX_OpenPBR_Translucent.uasset" 204
"../../../Engine/Plugins/Interchange/Runtime/Content/Functions/MX_OpenPBR_Translucent.uexp" 205
"../../../Engine/Plugins/Interchange/Runtime/Content/Functions/MX_OpenPBR_Opaque.uasset" 206
"../../../Engine/Plugins/Interchange/Runtime/Content/Functions/MX_OpenPBR_Opaque.uexp" 207
"../../../Engine/Plugins/Interchange/Runtime/Content/Functions/MX_MeasuredEDF.uasset" 208
"../../../Engine/Plugins/Interchange/Runtime/Content/Functions/MX_MeasuredEDF.uexp" 209
"../../../Engine/Plugins/Interchange/Runtime/Content/Functions/MX_GeneralizedSchlickBSDF.uasset" 210
"../../../Engine/Plugins/Interchange/Runtime/Content/Functions/MX_GeneralizedSchlickBSDF.uexp" 211
"../../../Engine/Plugins/Interchange/Runtime/Content/Functions/MX_DielectricBSDF.uasset" 212
"../../../Engine/Plugins/Interchange/Runtime/Content/Functions/MX_DielectricBSDF.uexp" 213
"../../../Engine/Plugins/Interchange/Runtime/Content/Functions/MX_ConicalEDF.uasset" 214
"../../../Engine/Plugins/Interchange/Runtime/Content/Functions/MX_ConicalEDF.uexp" 215
"../../../Engine/Plugins/Interchange/Runtime/Content/Functions/MX_ConductorBSDF.uasset" 216
"../../../Engine/Plugins/Interchange/Runtime/Content/Functions/MX_ConductorBSDF.uexp" 217
"../../../Engine/Plugins/Interchange/Runtime/Content/Functions/MX_BurleyDiffuseBSDF.uasset" 218
"../../../Engine/Plugins/Interchange/Runtime/Content/Functions/MX_BurleyDiffuseBSDF.uexp" 219
"../../../Engine/Plugins/Interchange/Runtime/Content/Functions/MX_AnisotropicVDF.uasset" 220
"../../../Engine/Plugins/Interchange/Runtime/Content/Functions/MX_AnisotropicVDF.uexp" 221
"../../../Engine/Plugins/Interchange/Runtime/Content/Functions/MX_AbsorptionVDF.uasset" 222
"../../../Engine/Plugins/Interchange/Runtime/Content/Functions/MX_AbsorptionVDF.uexp" 223
"../../../Engine/Plugins/Editor/SpeedTreeImporter/Content/SpeedTree9/game_wind_noise.ubulk" 224
"../../../Engine/Plugins/Editor/SpeedTreeImporter/Content/SpeedTree9/game_wind_noise.uasset" 225
"../../../Engine/Plugins/Editor/SpeedTreeImporter/Content/SpeedTree9/game_wind_noise.uexp" 226
"../../../Engine/Plugins/Editor/SpeedTreeImporter/Content/SpeedTree9/UnpackDirection.uasset" 227
"../../../Engine/Plugins/Editor/SpeedTreeImporter/Content/SpeedTree9/UnpackDirection.uexp" 228
"../../../Engine/Content/Functions/Engine_MaterialFunctions02/ObjectLocalBounds.uasset" 229
"../../../Engine/Content/Functions/Engine_MaterialFunctions02/ObjectLocalBounds.uexp" 230
"../../../Engine/Content/Functions/Engine_MaterialFunctions02/UVs/BoundingBoxBased_0-1_UVW.uasset" 231
"../../../Engine/Content/Functions/Engine_MaterialFunctions02/UVs/BoundingBoxBased_0-1_UVW.uexp" 232
"../../../Engine/Content/Functions/Engine_MaterialFunctions02/Utility/VectorLength.uasset" 233
"../../../Engine/Content/Functions/Engine_MaterialFunctions02/Utility/VectorLength.uexp" 234
"../../../Engine/Plugins/Editor/SpeedTreeImporter/Content/SpeedTree9/UnpackInteger3.uasset" 235
"../../../Engine/Plugins/Editor/SpeedTreeImporter/Content/SpeedTree9/UnpackInteger3.uexp" 236
"../../../Engine/Plugins/Editor/SpeedTreeImporter/Content/SpeedTree9/SpeedTreeCameraFacing.uasset" 237
"../../../Engine/Plugins/Editor/SpeedTreeImporter/Content/SpeedTree9/SpeedTreeCameraFacing.uexp" 238
"../../../Engine/Content/Functions/Engine_MaterialFunctions02/WorldPositionOffset/ObjectScale.uasset" 239
"../../../Engine/Content/Functions/Engine_MaterialFunctions02/WorldPositionOffset/ObjectScale.uexp" 240
"../../../Engine/Content/Functions/Engine_MaterialFunctions02/SafeNormalize.uasset" 241
"../../../Engine/Content/Functions/Engine_MaterialFunctions02/SafeNormalize.uexp" 242
"../../../Engine/Plugins/Editor/SpeedTreeImporter/Content/SpeedTree9/SpeedTreeWindMotion.uasset" 243
"../../../Engine/Plugins/Editor/SpeedTreeImporter/Content/SpeedTree9/SpeedTreeWindMotion.uexp" 244
"../../../Engine/Plugins/Editor/SpeedTreeImporter/Content/SpeedTree9/SpeedTreeBranchMotion.uasset" 245
"../../../Engine/Plugins/Editor/SpeedTreeImporter/Content/SpeedTree9/SpeedTreeBranchMotion.uexp" 246
"../../../Engine/Plugins/Editor/SpeedTreeImporter/Content/SpeedTree9/SpeedTreeWind.uasset" 247
"../../../Engine/Plugins/Editor/SpeedTreeImporter/Content/SpeedTree9/SpeedTreeWind.uexp" 248
"../../../Engine/Plugins/Editor/SpeedTreeImporter/Content/SpeedTree9/EmptyNormal.uasset" 249
"../../../Engine/Plugins/Editor/SpeedTreeImporter/Content/SpeedTree9/EmptyNormal.uexp" 250
"../../../Engine/Plugins/Editor/SpeedTreeImporter/Content/SpeedTree9/Empty.uasset" 251
"../../../Engine/Plugins/Editor/SpeedTreeImporter/Content/SpeedTree9/Empty.uexp" 252
"../../../Engine/Plugins/Editor/SpeedTreeImporter/Content/SpeedTree9/SpeedTreeMaster.uasset" 253
"../../../Engine/Plugins/Editor/SpeedTreeImporter/Content/SpeedTree9/SpeedTreeMaster.uexp" 254
"../../../Engine/Plugins/Editor/SpeedTreeImporter/Content/SpeedTree9/SpeedTreeBillboard.uasset" 255
"../../../Engine/Plugins/Editor/SpeedTreeImporter/Content/SpeedTree9/SpeedTreeBillboard.uexp" 256
"../../../Engine/Plugins/Editor/SpeedTreeImporter/Content/SpeedTree9/SpeedTreeBillboardMaster.uasset" 257
"../../../Engine/Plugins/Editor/SpeedTreeImporter/Content/SpeedTree9/SpeedTreeBillboardMaster.uexp" 258
"../../../Engine/Plugins/Animation/ControlRig/Content/Controls/DefaultGizmoLibraryNormalized.uasset" 259
"../../../Engine/Plugins/Animation/ControlRig/Content/Controls/DefaultGizmoLibraryNormalized.uexp" 260
"../../../Engine/Plugins/Animation/ControlRig/Content/Controls/ControlRig_Wedge_solid.ubulk" 261
"../../../Engine/Plugins/Animation/ControlRig/Content/Controls/ControlRig_Wedge_solid.uasset" 262
"../../../Engine/Plugins/Animation/ControlRig/Content/Controls/ControlRig_Wedge_solid.uexp" 263
"../../../Engine/Plugins/Animation/ControlRig/Content/Controls/ControlRig_Wedge_3mm.ubulk" 264
"../../../Engine/Plugins/Animation/ControlRig/Content/Controls/ControlRig_Wedge_3mm.uasset" 265
"../../../Engine/Plugins/Animation/ControlRig/Content/Controls/ControlRig_Wedge_3mm.uexp" 266
"../../../Engine/Plugins/Animation/ControlRig/Content/Controls/ControlRig_Wedge_1mm.ubulk" 267
"../../../Engine/Plugins/Animation/ControlRig/Content/Controls/ControlRig_Wedge_1mm.uasset" 268
"../../../Engine/Plugins/Animation/ControlRig/Content/Controls/ControlRig_Wedge_1mm.uexp" 269
"../../../Engine/Plugins/Animation/ControlRig/Content/Controls/ControlRig_Triangle_solid.ubulk" 270
"../../../Engine/Plugins/Animation/ControlRig/Content/Controls/ControlRig_Triangle_solid.uasset" 271
"../../../Engine/Plugins/Animation/ControlRig/Content/Controls/ControlRig_Triangle_solid.uexp" 272
"../../../Engine/Plugins/Animation/ControlRig/Content/Controls/ControlRig_Triangle_3mm.ubulk" 273
"../../../Engine/Plugins/Animation/ControlRig/Content/Controls/ControlRig_Triangle_3mm.uasset" 274
"../../../Engine/Plugins/Animation/ControlRig/Content/Controls/ControlRig_Triangle_3mm.uexp" 275
"../../../Engine/Plugins/Animation/ControlRig/Content/Controls/ControlRig_Triangle_1mm.ubulk" 276
"../../../Engine/Plugins/Animation/ControlRig/Content/Controls/ControlRig_Triangle_1mm.uasset" 277
"../../../Engine/Plugins/Animation/ControlRig/Content/Controls/ControlRig_Triangle_1mm.uexp" 278
"../../../Engine/Plugins/Animation/ControlRig/Content/Controls/ControlRig_Star4_solid.ubulk" 279
"../../../Engine/Plugins/Animation/ControlRig/Content/Controls/ControlRig_Star4_solid.uasset" 280
"../../../Engine/Plugins/Animation/ControlRig/Content/Controls/ControlRig_Star4_solid.uexp" 281
"../../../Engine/Plugins/Animation/ControlRig/Content/Controls/ControlRig_Star4_3mm.ubulk" 282
"../../../Engine/Plugins/Animation/ControlRig/Content/Controls/ControlRig_Star4_3mm.uasset" 283
"../../../Engine/Plugins/Animation/ControlRig/Content/Controls/ControlRig_Star4_3mm.uexp" 284
"../../../Engine/Plugins/Animation/ControlRig/Content/Controls/ControlRig_Star4_1mm.ubulk" 285
"../../../Engine/Plugins/Animation/ControlRig/Content/Controls/ControlRig_Star4_1mm.uasset" 286
"../../../Engine/Plugins/Animation/ControlRig/Content/Controls/ControlRig_Star4_1mm.uexp" 287
"../../../Engine/Plugins/Animation/ControlRig/Content/Controls/ControlRig_Square_solid.ubulk" 288
"../../../Engine/Plugins/Animation/ControlRig/Content/Controls/ControlRig_Square_solid.uasset" 289
"../../../Engine/Plugins/Animation/ControlRig/Content/Controls/ControlRig_Square_solid.uexp" 290
"../../../Engine/Plugins/Animation/ControlRig/Content/Controls/ControlRig_Square_3mm.ubulk" 291
"../../../Engine/Plugins/Animation/ControlRig/Content/Controls/ControlRig_Square_3mm.uasset" 292
"../../../Engine/Plugins/Animation/ControlRig/Content/Controls/ControlRig_Square_3mm.uexp" 293
"../../../Engine/Plugins/Animation/ControlRig/Content/Controls/ControlRig_Square_1mm.ubulk" 294
"../../../Engine/Plugins/Animation/ControlRig/Content/Controls/ControlRig_Square_1mm.uasset" 295
"../../../Engine/Plugins/Animation/ControlRig/Content/Controls/ControlRig_Square_1mm.uexp" 296
"../../../Engine/Plugins/Animation/ControlRig/Content/Controls/ControlRig_Sphere_solid.ubulk" 297
"../../../Engine/Plugins/Animation/ControlRig/Content/Controls/ControlRig_Sphere_solid.uasset" 298
"../../../Engine/Plugins/Animation/ControlRig/Content/Controls/ControlRig_Sphere_solid.uexp" 299
"../../../Engine/Plugins/Animation/ControlRig/Content/Controls/ControlRig_Sphere_3mm.ubulk" 300
"../../../Engine/Plugins/Animation/ControlRig/Content/Controls/ControlRig_Sphere_3mm.uasset" 301
"../../../Engine/Plugins/Animation/ControlRig/Content/Controls/ControlRig_Sphere_3mm.uexp" 302
"../../../Engine/Plugins/Animation/ControlRig/Content/Controls/ControlRig_Sphere_1mm.ubulk" 303
"../../../Engine/Plugins/Animation/ControlRig/Content/Controls/ControlRig_Sphere_1mm.uasset" 304
"../../../Engine/Plugins/Animation/ControlRig/Content/Controls/ControlRig_Sphere_1mm.uexp" 305
"../../../Engine/Plugins/Animation/ControlRig/Content/Controls/ControlRig_RoundedTriangle_solid.ubulk" 306
"../../../Engine/Plugins/Animation/ControlRig/Content/Controls/ControlRig_RoundedTriangle_solid.uasset" 307
"../../../Engine/Plugins/Animation/ControlRig/Content/Controls/ControlRig_RoundedTriangle_solid.uexp" 308
"../../../Engine/Plugins/Animation/ControlRig/Content/Controls/ControlRig_RoundedTriangle_3mm.ubulk" 309
"../../../Engine/Plugins/Animation/ControlRig/Content/Controls/ControlRig_RoundedTriangle_3mm.uasset" 310
"../../../Engine/Plugins/Animation/ControlRig/Content/Controls/ControlRig_RoundedTriangle_3mm.uexp" 311
"../../../Engine/Plugins/Animation/ControlRig/Content/Controls/ControlRig_RoundedTriangle_1mm.ubulk" 312
"../../../Engine/Plugins/Animation/ControlRig/Content/Controls/ControlRig_RoundedTriangle_1mm.uasset" 313
"../../../Engine/Plugins/Animation/ControlRig/Content/Controls/ControlRig_RoundedTriangle_1mm.uexp" 314
"../../../Engine/Plugins/Animation/ControlRig/Content/Controls/ControlRig_RoundedSquare_solid.ubulk" 315
"../../../Engine/Plugins/Animation/ControlRig/Content/Controls/ControlRig_RoundedSquare_solid.uasset" 316
"../../../Engine/Plugins/Animation/ControlRig/Content/Controls/ControlRig_RoundedSquare_solid.uexp" 317
"../../../Engine/Plugins/Animation/ControlRig/Content/Controls/ControlRig_RoundedSquare_3mm.ubulk" 318
"../../../Engine/Plugins/Animation/ControlRig/Content/Controls/ControlRig_RoundedSquare_3mm.uasset" 319
"../../../Engine/Plugins/Animation/ControlRig/Content/Controls/ControlRig_RoundedSquare_3mm.uexp" 320
"../../../Engine/Plugins/Animation/ControlRig/Content/Controls/ControlRig_RoundedSquare_1mm.ubulk" 321
"../../../Engine/Plugins/Animation/ControlRig/Content/Controls/ControlRig_RoundedSquare_1mm.uasset" 322
"../../../Engine/Plugins/Animation/ControlRig/Content/Controls/ControlRig_RoundedSquare_1mm.uexp" 323
"../../../Engine/Plugins/Animation/ControlRig/Content/Controls/ControlRig_QuarterCircle_solid.ubulk" 324
"../../../Engine/Plugins/Animation/ControlRig/Content/Controls/ControlRig_QuarterCircle_solid.uasset" 325
"../../../Engine/Plugins/Animation/ControlRig/Content/Controls/ControlRig_QuarterCircle_solid.uexp" 326
"../../../Engine/Plugins/Animation/ControlRig/Content/Controls/ControlRig_QuarterCircle_3mm.ubulk" 327
"../../../Engine/Plugins/Animation/ControlRig/Content/Controls/ControlRig_QuarterCircle_3mm.uasset" 328
"../../../Engine/Plugins/Animation/ControlRig/Content/Controls/ControlRig_QuarterCircle_3mm.uexp" 329
"../../../Engine/Plugins/Animation/ControlRig/Content/Controls/ControlRig_QuarterCircle_1mm.ubulk" 330
"../../../Engine/Plugins/Animation/ControlRig/Content/Controls/ControlRig_QuarterCircle_1mm.uasset" 331
"../../../Engine/Plugins/Animation/ControlRig/Content/Controls/ControlRig_QuarterCircle_1mm.uexp" 332
"../../../Engine/Plugins/Animation/ControlRig/Content/Controls/ControlRig_Pyramid_solid.ubulk" 333
"../../../Engine/Plugins/Animation/ControlRig/Content/Controls/ControlRig_Pyramid_solid.uasset" 334
"../../../Engine/Plugins/Animation/ControlRig/Content/Controls/ControlRig_Pyramid_solid.uexp" 335
"../../../Engine/Plugins/Animation/ControlRig/Content/Controls/ControlRig_Pyramid_3mm.ubulk" 336
"../../../Engine/Plugins/Animation/ControlRig/Content/Controls/ControlRig_Pyramid_3mm.uasset" 337
"../../../Engine/Plugins/Animation/ControlRig/Content/Controls/ControlRig_Pyramid_3mm.uexp" 338
"../../../Engine/Plugins/Animation/ControlRig/Content/Controls/ControlRig_Pyramid_1mm.ubulk" 339
"../../../Engine/Plugins/Animation/ControlRig/Content/Controls/ControlRig_Pyramid_1mm.uasset" 340
"../../../Engine/Plugins/Animation/ControlRig/Content/Controls/ControlRig_Pyramid_1mm.uexp" 341
"../../../Engine/Plugins/Animation/ControlRig/Content/Controls/ControlRig_Octagon_solid.ubulk" 342
"../../../Engine/Plugins/Animation/ControlRig/Content/Controls/ControlRig_Octagon_solid.uasset" 343
"../../../Engine/Plugins/Animation/ControlRig/Content/Controls/ControlRig_Octagon_solid.uexp" 344
"../../../Engine/Plugins/Animation/ControlRig/Content/Controls/ControlRig_Octagon_3mm.ubulk" 345
"../../../Engine/Plugins/Animation/ControlRig/Content/Controls/ControlRig_Octagon_3mm.uasset" 346
"../../../Engine/Plugins/Animation/ControlRig/Content/Controls/ControlRig_Octagon_3mm.uexp" 347
"../../../Engine/Plugins/Animation/ControlRig/Content/Controls/ControlRig_Octagon_1mm.ubulk" 348
"../../../Engine/Plugins/Animation/ControlRig/Content/Controls/ControlRig_Octagon_1mm.uasset" 349
"../../../Engine/Plugins/Animation/ControlRig/Content/Controls/ControlRig_Octagon_1mm.uexp" 350
"../../../Engine/Plugins/Animation/ControlRig/Content/Controls/ControlRig_Hexagon_solid.ubulk" 351
"../../../Engine/Plugins/Animation/ControlRig/Content/Controls/ControlRig_Hexagon_solid.uasset" 352
"../../../Engine/Plugins/Animation/ControlRig/Content/Controls/ControlRig_Hexagon_solid.uexp" 353
"../../../Engine/Plugins/Animation/ControlRig/Content/Controls/ControlRig_Hexagon_3mm.ubulk" 354
"../../../Engine/Plugins/Animation/ControlRig/Content/Controls/ControlRig_Hexagon_3mm.uasset" 355
"../../../Engine/Plugins/Animation/ControlRig/Content/Controls/ControlRig_Hexagon_3mm.uexp" 356
"../../../Engine/Plugins/Animation/ControlRig/Content/Controls/ControlRig_Hexagon_1mm.ubulk" 357
"../../../Engine/Plugins/Animation/ControlRig/Content/Controls/ControlRig_Hexagon_1mm.uasset" 358
"../../../Engine/Plugins/Animation/ControlRig/Content/Controls/ControlRig_Hexagon_1mm.uexp" 359
"../../../Engine/Plugins/Animation/ControlRig/Content/Controls/ControlRig_HalfCircle_solid.ubulk" 360
"../../../Engine/Plugins/Animation/ControlRig/Content/Controls/ControlRig_HalfCircle_solid.uasset" 361
"../../../Engine/Plugins/Animation/ControlRig/Content/Controls/ControlRig_HalfCircle_solid.uexp" 362
"../../../Engine/Plugins/Animation/ControlRig/Content/Controls/ControlRig_HalfCircle_3mm.ubulk" 363
"../../../Engine/Plugins/Animation/ControlRig/Content/Controls/ControlRig_HalfCircle_3mm.uasset" 364
"../../../Engine/Plugins/Animation/ControlRig/Content/Controls/ControlRig_HalfCircle_3mm.uexp" 365
"../../../Engine/Plugins/Animation/ControlRig/Content/Controls/ControlRig_HalfCircle_1mm.ubulk" 366
"../../../Engine/Plugins/Animation/ControlRig/Content/Controls/ControlRig_HalfCircle_1mm.uasset" 367
"../../../Engine/Plugins/Animation/ControlRig/Content/Controls/ControlRig_HalfCircle_1mm.uexp" 368
"../../../Engine/Plugins/Animation/ControlRig/Content/Controls/ControlRig_Diamond_solid.ubulk" 369
"../../../Engine/Plugins/Animation/ControlRig/Content/Controls/ControlRig_Diamond_solid.uasset" 370
"../../../Engine/Plugins/Animation/ControlRig/Content/Controls/ControlRig_Diamond_solid.uexp" 371
"../../../Engine/Plugins/Animation/ControlRig/Content/Controls/ControlRig_Diamond_3mm.ubulk" 372
"../../../Engine/Plugins/Animation/ControlRig/Content/Controls/ControlRig_Diamond_3mm.uasset" 373
"../../../Engine/Plugins/Animation/ControlRig/Content/Controls/ControlRig_Diamond_3mm.uexp" 374
"../../../Engine/Plugins/Animation/ControlRig/Content/Controls/ControlRig_Diamond_1mm.ubulk" 375
"../../../Engine/Plugins/Animation/ControlRig/Content/Controls/ControlRig_Diamond_1mm.uasset" 376
"../../../Engine/Plugins/Animation/ControlRig/Content/Controls/ControlRig_Diamond_1mm.uexp" 377
"../../../Engine/Plugins/Animation/ControlRig/Content/Controls/ControlRig_Circle_solid.ubulk" 378
"../../../Engine/Plugins/Animation/ControlRig/Content/Controls/ControlRig_Circle_solid.uasset" 379
"../../../Engine/Plugins/Animation/ControlRig/Content/Controls/ControlRig_Circle_solid.uexp" 380
"../../../Engine/Plugins/Animation/ControlRig/Content/Controls/ControlRig_Circle_3mm.ubulk" 381
"../../../Engine/Plugins/Animation/ControlRig/Content/Controls/ControlRig_Circle_3mm.uasset" 382
"../../../Engine/Plugins/Animation/ControlRig/Content/Controls/ControlRig_Circle_3mm.uexp" 383
"../../../Engine/Plugins/Animation/ControlRig/Content/Controls/ControlRig_Circle_1mm.ubulk" 384
"../../../Engine/Plugins/Animation/ControlRig/Content/Controls/ControlRig_Circle_1mm.uasset" 385
"../../../Engine/Plugins/Animation/ControlRig/Content/Controls/ControlRig_Circle_1mm.uexp" 386
"../../../Engine/Plugins/Animation/ControlRig/Content/Controls/ControlRig_Box_solid.ubulk" 387
"../../../Engine/Plugins/Animation/ControlRig/Content/Controls/ControlRig_Box_solid.uasset" 388
"../../../Engine/Plugins/Animation/ControlRig/Content/Controls/ControlRig_Box_solid.uexp" 389
"../../../Engine/Plugins/Animation/ControlRig/Content/Controls/ControlRig_Box_3mm.ubulk" 390
"../../../Engine/Plugins/Animation/ControlRig/Content/Controls/ControlRig_Box_3mm.uasset" 391
"../../../Engine/Plugins/Animation/ControlRig/Content/Controls/ControlRig_Box_3mm.uexp" 392
"../../../Engine/Plugins/Animation/ControlRig/Content/Controls/ControlRig_Box_1mm.ubulk" 393
"../../../Engine/Plugins/Animation/ControlRig/Content/Controls/ControlRig_Box_1mm.uasset" 394
"../../../Engine/Plugins/Animation/ControlRig/Content/Controls/ControlRig_Box_1mm.uexp" 395
"../../../Engine/Plugins/Animation/ControlRig/Content/Controls/ControlRig_Arrow_solid.ubulk" 396
"../../../Engine/Plugins/Animation/ControlRig/Content/Controls/ControlRig_Arrow_solid.uasset" 397
"../../../Engine/Plugins/Animation/ControlRig/Content/Controls/ControlRig_Arrow_solid.uexp" 398
"../../../Engine/Plugins/Animation/ControlRig/Content/Controls/ControlRig_Arrow_3mm.ubulk" 399
"../../../Engine/Plugins/Animation/ControlRig/Content/Controls/ControlRig_Arrow_3mm.uasset" 400
"../../../Engine/Plugins/Animation/ControlRig/Content/Controls/ControlRig_Arrow_3mm.uexp" 401
"../../../Engine/Plugins/Animation/ControlRig/Content/Controls/ControlRig_Arrow_1mm.ubulk" 402
"../../../Engine/Plugins/Animation/ControlRig/Content/Controls/ControlRig_Arrow_1mm.uasset" 403
"../../../Engine/Plugins/Animation/ControlRig/Content/Controls/ControlRig_Arrow_1mm.uexp" 404
"../../../Engine/Plugins/Animation/ControlRig/Content/Controls/ControlRig_Arrow4_solid.ubulk" 405
"../../../Engine/Plugins/Animation/ControlRig/Content/Controls/ControlRig_Arrow4_solid.uasset" 406
"../../../Engine/Plugins/Animation/ControlRig/Content/Controls/ControlRig_Arrow4_solid.uexp" 407
"../../../Engine/Plugins/Animation/ControlRig/Content/Controls/ControlRig_Arrow4_3mm.ubulk" 408
"../../../Engine/Plugins/Animation/ControlRig/Content/Controls/ControlRig_Arrow4_3mm.uasset" 409
"../../../Engine/Plugins/Animation/ControlRig/Content/Controls/ControlRig_Arrow4_3mm.uexp" 410
"../../../Engine/Plugins/Animation/ControlRig/Content/Controls/ControlRig_Arrow4_1mm.ubulk" 411
"../../../Engine/Plugins/Animation/ControlRig/Content/Controls/ControlRig_Arrow4_1mm.uasset" 412
"../../../Engine/Plugins/Animation/ControlRig/Content/Controls/ControlRig_Arrow4_1mm.uexp" 413
"../../../Engine/Plugins/Animation/ControlRig/Content/Controls/ControlRig_Arrow2_solid.ubulk" 414
"../../../Engine/Plugins/Animation/ControlRig/Content/Controls/ControlRig_Arrow2_solid.uasset" 415
"../../../Engine/Plugins/Animation/ControlRig/Content/Controls/ControlRig_Arrow2_solid.uexp" 416
"../../../Engine/Plugins/Animation/ControlRig/Content/Controls/ControlRig_Arrow2_3mm.ubulk" 417
"../../../Engine/Plugins/Animation/ControlRig/Content/Controls/ControlRig_Arrow2_3mm.uasset" 418
"../../../Engine/Plugins/Animation/ControlRig/Content/Controls/ControlRig_Arrow2_3mm.uexp" 419
"../../../Engine/Plugins/Animation/ControlRig/Content/Controls/ControlRig_Arrow2_1mm.ubulk" 420
"../../../Engine/Plugins/Animation/ControlRig/Content/Controls/ControlRig_Arrow2_1mm.uasset" 421
"../../../Engine/Plugins/Animation/ControlRig/Content/Controls/ControlRig_Arrow2_1mm.uexp" 422
"../../../Engine/Plugins/Animation/ControlRig/Content/Controls/ControlRigXRayMaterial.uasset" 423
"../../../Engine/Plugins/Animation/ControlRig/Content/Controls/ControlRigXRayMaterial.uexp" 424
"../../../Engine/Plugins/Animation/ControlRig/Content/Controls/ControlRigGizmoMaterial.uasset" 425
"../../../Engine/Plugins/Animation/ControlRig/Content/Controls/ControlRigGizmoMaterial.uexp" 426
"../../../Engine/Content/VREditor/TransformGizmo/StartRotationHandleIndicator.ubulk" 427
"../../../Engine/Content/VREditor/TransformGizmo/StartRotationHandleIndicator.uasset" 428
"../../../Engine/Content/VREditor/TransformGizmo/StartRotationHandleIndicator.uexp" 429
"../../../Engine/Content/VREditor/Sounds/UI/Drop_Item_From_ContentBrowser.ubulk" 430
"../../../Engine/Content/VREditor/Sounds/UI/Drop_Item_From_ContentBrowser.uasset" 431
"../../../Engine/Content/VREditor/Sounds/UI/Drop_Item_From_ContentBrowser.uexp" 432
"../../../Engine/Content/VREditor/TransformGizmo/PlaneTranslationHandle.ubulk" 433
"../../../Engine/Content/VREditor/TransformGizmo/PlaneTranslationHandle.uasset" 434
"../../../Engine/Content/VREditor/TransformGizmo/PlaneTranslationHandle.uexp" 435
"../../../Engine/Content/VREditor/Sounds/UI/Object_Snaps_To_Grid.ubulk" 436
"../../../Engine/Content/VREditor/Sounds/UI/Object_Snaps_To_Grid.uasset" 437
"../../../Engine/Content/VREditor/Sounds/UI/Object_Snaps_To_Grid.uexp" 438
"../../../Engine/Content/VREditor/Sounds/UI/Selection_Changes.ubulk" 439
"../../../Engine/Content/VREditor/Sounds/UI/Selection_Changes.uasset" 440
"../../../Engine/Content/VREditor/Sounds/UI/Selection_Changes.uexp" 441
"../../../Engine/Content/VREditor/Sounds/UI/Object_Snaps_To_Another_Actor.ubulk" 442
"../../../Engine/Content/VREditor/Sounds/UI/Object_Snaps_To_Another_Actor.uasset" 443
"../../../Engine/Content/VREditor/Sounds/UI/Object_Snaps_To_Another_Actor.uexp" 444
"../../../Engine/Content/VREditor/TransformGizmo/TranslucentTransformGizmoMaterial_Inst.uasset" 445
"../../../Engine/Content/VREditor/TransformGizmo/TranslucentTransformGizmoMaterial_Inst.uexp" 446
"../../../Engine/Content/VREditor/TransformGizmo/TransformGizmoFreeRotation.ubulk" 447
"../../../Engine/Content/VREditor/TransformGizmo/TransformGizmoFreeRotation.uasset" 448
"../../../Engine/Content/VREditor/TransformGizmo/TransformGizmoFreeRotation.uexp" 449
"../../../Engine/Content/VREditor/Sounds/UI/Scaling_Down.ubulk" 450
"../../../Engine/Content/VREditor/Sounds/UI/Scaling_Down.uasset" 451
"../../../Engine/Content/VREditor/Sounds/UI/Scaling_Down.uexp" 452
"../../../Engine/Content/Functions/Engine_MaterialFunctions02/Math/Transform3x3Matrix.uasset" 453
"../../../Engine/Content/Functions/Engine_MaterialFunctions02/Math/Transform3x3Matrix.uexp" 454
"../../../Engine/Content/Functions/Engine_MaterialFunctions02/SplitComponents.uasset" 455
"../../../Engine/Content/Functions/Engine_MaterialFunctions02/SplitComponents.uexp" 456
"../../../Engine/Content/Functions/Engine_MaterialFunctions02/Utility/MakeFloat3.uasset" 457
"../../../Engine/Content/Functions/Engine_MaterialFunctions02/Utility/MakeFloat3.uexp" 458
"../../../Engine/Content/VREditor/SnapGrid/SnapGridMaterial.uasset" 459
"../../../Engine/Content/VREditor/SnapGrid/SnapGridMaterial.uexp" 460
"../../../Engine/Content/VREditor/SnapGrid/SnapGridPlaneMesh.ubulk" 461
"../../../Engine/Content/VREditor/SnapGrid/SnapGridPlaneMesh.uasset" 462
"../../../Engine/Content/VREditor/SnapGrid/SnapGridPlaneMesh.uexp" 463
"../../../Engine/Content/VREditor/Sounds/UI/Scaling_Up.ubulk" 464
"../../../Engine/Content/VREditor/Sounds/UI/Scaling_Up.uasset" 465
"../../../Engine/Content/VREditor/Sounds/UI/Scaling_Up.uexp" 466
"../../../Engine/Content/VREditor/TransformGizmo/TransformGizmoMaterial_Inst.uasset" 467
"../../../Engine/Content/VREditor/TransformGizmo/TransformGizmoMaterial_Inst.uexp" 468
"../../../Engine/Content/VREditor/Sounds/UI/Gizmo_Handle_Clicked.ubulk" 469
"../../../Engine/Content/VREditor/Sounds/UI/Gizmo_Handle_Clicked.uasset" 470
"../../../Engine/Content/VREditor/Sounds/UI/Gizmo_Handle_Clicked.uexp" 471
"../../../Engine/Content/VREditor/TransformGizmo/RotationHandleQuarter.ubulk" 472
"../../../Engine/Content/VREditor/TransformGizmo/RotationHandleQuarter.uasset" 473
"../../../Engine/Content/VREditor/TransformGizmo/RotationHandleQuarter.uexp" 474
"../../../Engine/Content/VREditor/TransformGizmo/TranslateArrowHandle.ubulk" 475
"../../../Engine/Content/VREditor/TransformGizmo/TranslateArrowHandle.uasset" 476
"../../../Engine/Content/VREditor/TransformGizmo/TranslateArrowHandle.uexp" 477
"../../../Engine/Content/VREditor/TransformGizmo/RotationHandleIndicator.ubulk" 478
"../../../Engine/Content/VREditor/TransformGizmo/RotationHandleIndicator.uasset" 479
"../../../Engine/Content/VREditor/TransformGizmo/RotationHandleIndicator.uexp" 480
"../../../Engine/Content/VREditor/TransformGizmo/UniformScaleHandle.ubulk" 481
"../../../Engine/Content/VREditor/TransformGizmo/UniformScaleHandle.uasset" 482
"../../../Engine/Content/VREditor/TransformGizmo/UniformScaleHandle.uexp" 483
"../../../Engine/Content/VREditor/TransformGizmo/RotationHandleFull.ubulk" 484
"../../../Engine/Content/VREditor/TransformGizmo/RotationHandleFull.uasset" 485
"../../../Engine/Content/VREditor/TransformGizmo/RotationHandleFull.uexp" 486
"../../../Engine/Content/VREditor/Sounds/UI/Object_PickUp.ubulk" 487
"../../../Engine/Content/VREditor/Sounds/UI/Object_PickUp.uasset" 488
"../../../Engine/Content/VREditor/Sounds/UI/Object_PickUp.uexp" 489
"../../../Engine/Content/EngineSounds/Master.uasset" 490
"../../../Engine/Content/EngineSounds/Master.uexp" 491
"../../../Engine/Content/EngineResources/WhiteSquareTexture.uasset" 492
"../../../Engine/Content/EngineResources/WhiteSquareTexture.uexp" 493
"../../../Engine/Content/EngineMaterials/Widget3DPassThrough.uasset" 494
"../../../Engine/Content/EngineMaterials/Widget3DPassThrough.uexp" 495
"../../../Engine/Content/EngineMaterials/Widget3DPassThrough_Translucent.uasset" 496
"../../../Engine/Content/EngineMaterials/Widget3DPassThrough_Translucent.uexp" 497
"../../../Engine/Content/EngineMaterials/Widget3DPassThrough_Translucent_OneSided.uasset" 498
"../../../Engine/Content/EngineMaterials/Widget3DPassThrough_Translucent_OneSided.uexp" 499
"../../../Engine/Content/EngineMaterials/Widget3DPassThrough_Opaque.uasset" 500
"../../../Engine/Content/EngineMaterials/Widget3DPassThrough_Opaque.uexp" 501
"../../../Engine/Content/EngineMaterials/Widget3DPassThrough_Opaque_OneSided.uasset" 502
"../../../Engine/Content/EngineMaterials/Widget3DPassThrough_Opaque_OneSided.uexp" 503
"../../../Engine/Content/EngineMaterials/Widget3DPassThrough_Masked_OneSided.uasset" 504
"../../../Engine/Content/EngineMaterials/Widget3DPassThrough_Masked_OneSided.uexp" 505
"../../../Engine/Content/EngineMaterials/Widget3DPassThrough_Masked.uasset" 506
"../../../Engine/Content/EngineMaterials/Widget3DPassThrough_Masked.uexp" 507
"../../../Engine/Content/EngineMaterials/STBlueNoise_vec2_128x128x64.uasset" 508
"../../../Engine/Content/EngineMaterials/STBlueNoise_vec2_128x128x64.uexp" 509
"../../../Engine/Content/EngineMaterials/STBlueNoise_scalar_128x128x64.uasset" 510
"../../../Engine/Content/EngineMaterials/STBlueNoise_scalar_128x128x64.uexp" 511
"../../../Engine/Content/EngineMaterials/RemoveSurfaceMaterial.uasset" 512
"../../../Engine/Content/EngineMaterials/RemoveSurfaceMaterial.uexp" 513
"../../../Engine/Content/EngineMaterials/DefaultCalibrationGrayscale.uasset" 514
"../../../Engine/Content/EngineMaterials/DefaultCalibrationGrayscale.uexp" 515
"../../../Engine/Content/EngineMaterials/PPM_DefaultCalibrationGrayscale.uasset" 516
"../../../Engine/Content/EngineMaterials/PPM_DefaultCalibrationGrayscale.uexp" 517
"../../../Engine/Content/EngineMaterials/DefaultCalibrationColor.uasset" 518
"../../../Engine/Content/EngineMaterials/DefaultCalibrationColor.uexp" 519
"../../../Engine/Content/EngineMaterials/PPM_DefaultCalibrationColor.uasset" 520
"../../../Engine/Content/EngineMaterials/PPM_DefaultCalibrationColor.uexp" 521
"../../../Engine/Content/EngineMaterials/PhAT_JointLimitMaterial.uasset" 522
"../../../Engine/Content/EngineMaterials/PhAT_JointLimitMaterial.uexp" 523
"../../../Engine/Content/EngineMaterials/NaniteHiddenSectionMaterial.uasset" 524
"../../../Engine/Content/EngineMaterials/NaniteHiddenSectionMaterial.uexp" 525
"../../../Engine/Content/EngineMaterials/InvalidLightmapSettings.ubulk" 526
"../../../Engine/Content/EngineMaterials/InvalidLightmapSettings.uasset" 527
"../../../Engine/Content/EngineMaterials/InvalidLightmapSettings.uexp" 528
"../../../Engine/Content/EngineMaterials/M_InvalidLightmapSettings.uasset" 529
"../../../Engine/Content/EngineMaterials/M_InvalidLightmapSettings.uexp" 530
"../../../Engine/Content/EngineMaterials/GizmoMaterial.uasset" 531
"../../../Engine/Content/EngineMaterials/GizmoMaterial.uexp" 532
"../../../Engine/Content/EngineMaterials/BaseFlattenEmissiveMap_VT.uasset" 533
"../../../Engine/Content/EngineMaterials/BaseFlattenEmissiveMap_VT.uexp" 534
"../../../Engine/Content/EngineMaterials/BaseFlattenGrayscaleMap_VT.uasset" 535
"../../../Engine/Content/EngineMaterials/BaseFlattenGrayscaleMap_VT.uexp" 536
"../../../Engine/Content/EngineMaterials/BaseFlattenLinearColor_VT.uasset" 537
"../../../Engine/Content/EngineMaterials/BaseFlattenLinearColor_VT.uexp" 538
"../../../Engine/Content/EngineMaterials/Black_1x1_EXR_Texture_VT.uasset" 539
"../../../Engine/Content/EngineMaterials/Black_1x1_EXR_Texture_VT.uexp" 540
"../../../Engine/Content/EngineMaterials/BaseFlattenDiffuseMap_VT.uasset" 541
"../../../Engine/Content/EngineMaterials/BaseFlattenDiffuseMap_VT.uexp" 542
"../../../Engine/Content/EngineMaterials/BaseFlattenNormalMap_VT.uasset" 543
"../../../Engine/Content/EngineMaterials/BaseFlattenNormalMap_VT.uexp" 544
"../../../Engine/Content/EngineMaterials/FlattenMaterial_WS_Normal_VT.uasset" 545
"../../../Engine/Content/EngineMaterials/FlattenMaterial_WS_Normal_VT.uexp" 546
"../../../Engine/Content/EngineMaterials/FlattenMaterial_VT.uasset" 547
"../../../Engine/Content/EngineMaterials/FlattenMaterial_VT.uexp" 548
"../../../Engine/Content/EngineMaterials/BaseFlattenNormalMap.uasset" 549
"../../../Engine/Content/EngineMaterials/BaseFlattenNormalMap.uexp" 550
"../../../Engine/Content/EngineMaterials/BaseFlattenGrayscaleMap.uasset" 551
"../../../Engine/Content/EngineMaterials/BaseFlattenGrayscaleMap.uexp" 552
"../../../Engine/Content/EngineMaterials/BaseFlattenDiffuseMap.uasset" 553
"../../../Engine/Content/EngineMaterials/BaseFlattenDiffuseMap.uexp" 554
"../../../Engine/Content/Functions/Engine_MaterialFunctions02/PivotPainter2/Black_1x1_EXR_Texture.uasset" 555
"../../../Engine/Content/Functions/Engine_MaterialFunctions02/PivotPainter2/Black_1x1_EXR_Texture.uexp" 556
"../../../Engine/Content/EngineMaterials/BaseFlattenEmissiveMap.uasset" 557
"../../../Engine/Content/EngineMaterials/BaseFlattenEmissiveMap.uexp" 558
"../../../Engine/Content/EngineMaterials/BaseFlattenLinearColor.uasset" 559
"../../../Engine/Content/EngineMaterials/BaseFlattenLinearColor.uexp" 560
"../../../Engine/Content/EngineMaterials/FlattenMaterial.uasset" 561
"../../../Engine/Content/EngineMaterials/FlattenMaterial.uexp" 562
"../../../Engine/Content/EngineMaterials/DefaultWhiteGrid_Low.uasset" 563
"../../../Engine/Content/EngineMaterials/DefaultWhiteGrid_Low.uexp" 564
"../../../Engine/Content/EngineMaterials/EmissiveMeshMaterial.uasset" 565
"../../../Engine/Content/EngineMaterials/EmissiveMeshMaterial.uexp" 566
"../../../Engine/Content/EngineFonts/RobotoDistanceField.uasset" 567
"../../../Engine/Content/EngineFonts/RobotoDistanceField.uexp" 568
"../../../Engine/Content/EngineMaterials/DefaultTextMaterialOpaque.uasset" 569
"../../../Engine/Content/EngineMaterials/DefaultTextMaterialOpaque.uexp" 570
"../../../Engine/Content/EngineMaterials/DefaultDiffuse.ubulk" 571
"../../../Engine/Content/EngineMaterials/DefaultDiffuse.uasset" 572
"../../../Engine/Content/EngineMaterials/DefaultDiffuse.uexp" 573
"../../../Engine/Content/Functions/Engine_MaterialFunctions02/Utility/BreakOutFloat2Components.uasset" 574
"../../../Engine/Content/Functions/Engine_MaterialFunctions02/Utility/BreakOutFloat2Components.uexp" 575
"../../../Engine/Content/EngineMaterials/DefaultPostProcessMaterial.uasset" 576
"../../../Engine/Content/EngineMaterials/DefaultPostProcessMaterial.uexp" 577
"../../../Engine/Content/EngineMaterials/DefaultPhysicalMaterial.uasset" 578
"../../../Engine/Content/EngineMaterials/DefaultPhysicalMaterial.uexp" 579
"../../../Engine/Content/EngineMaterials/DefaultLightFunctionMaterial.uasset" 580
"../../../Engine/Content/EngineMaterials/DefaultLightFunctionMaterial.uexp" 581
"../../../Engine/Content/EngineMaterials/DefaultDestructiblePhysicalMaterial.uasset" 582
"../../../Engine/Content/EngineMaterials/DefaultDestructiblePhysicalMaterial.uexp" 583
"../../../Engine/Content/EngineMaterials/DefaultDeferredDecalMaterial.uasset" 584
"../../../Engine/Content/EngineMaterials/DefaultDeferredDecalMaterial.uexp" 585
"../../../Engine/Content/EngineMaterials/DefaultBloomKernel.uasset" 586
"../../../Engine/Content/EngineMaterials/DefaultBloomKernel.uexp" 587
"../../../Engine/Content/EngineFonts/Faces/RobotoLight.uexp" 588
"../../../Engine/Content/EngineFonts/Faces/RobotoLight.uasset" 589
"../../../Engine/Content/EngineFonts/Faces/RobotoLight.ufont" 590
"../../../Engine/Content/EngineFonts/Faces/RobotoBold.uexp" 591
"../../../Engine/Content/EngineFonts/Faces/RobotoBold.uasset" 592
"../../../Engine/Content/EngineFonts/Faces/RobotoBold.ufont" 593
"../../../Engine/Content/EngineFonts/Faces/RobotoRegular.uexp" 594
"../../../Engine/Content/EngineFonts/Faces/RobotoRegular.uasset" 595
"../../../Engine/Content/EngineFonts/Faces/RobotoRegular.ufont" 596
"../../../Engine/Content/EngineFonts/Faces/DroidSansFallback.uexp" 597
"../../../Engine/Content/EngineFonts/Faces/DroidSansFallback.uasset" 598
"../../../Engine/Content/EngineFonts/Faces/DroidSansFallback.ufont" 599
"../../../Engine/Content/EngineFonts/Faces/RobotoItalic.uexp" 600
"../../../Engine/Content/EngineFonts/Faces/RobotoItalic.uasset" 601
"../../../Engine/Content/EngineFonts/Faces/RobotoItalic.ufont" 602
"../../../Engine/Content/EngineFonts/Faces/RobotoBoldItalic.uexp" 603
"../../../Engine/Content/EngineFonts/Faces/RobotoBoldItalic.uasset" 604
"../../../Engine/Content/EngineFonts/Faces/RobotoBoldItalic.ufont" 605
"../../../Engine/Content/EngineFonts/Roboto.uasset" 606
"../../../Engine/Content/EngineFonts/Roboto.uexp" 607
"../../../Engine/Content/EngineDebugMaterials/VolumeToRender.uasset" 608
"../../../Engine/Content/EngineDebugMaterials/VolumeToRender.uexp" 609
"../../../Engine/Content/EngineDebugMaterials/M_VolumeRenderSphereTracePP.uasset" 610
"../../../Engine/Content/EngineDebugMaterials/M_VolumeRenderSphereTracePP.uexp" 611
"../../../Engine/Content/EngineDebugMaterials/M_SimpleUnlitTranslucent.uasset" 612
"../../../Engine/Content/EngineDebugMaterials/M_SimpleUnlitTranslucent.uexp" 613
"../../../Engine/Content/EngineDebugMaterials/DebugMeshMaterial.uasset" 614
"../../../Engine/Content/EngineDebugMaterials/DebugMeshMaterial.uexp" 615
"../../../Engine/Content/EngineDebugMaterials/DebugEditorMaterial.uasset" 616
"../../../Engine/Content/EngineDebugMaterials/DebugEditorMaterial.uexp" 617
"../../../Engine/Content/EngineDamageTypes/DmgTypeBP_Environmental.uasset" 618
"../../../Engine/Content/EngineDamageTypes/DmgTypeBP_Environmental.uexp" 619
"../../../Engine/Content/EditorResources/S_Terrain.ubulk" 620
"../../../Engine/Content/EditorResources/S_Terrain.uasset" 621
"../../../Engine/Content/EditorResources/S_Terrain.uexp" 622
"C:/unreal projects/BYOG_Crumble/Content/LevelPrototyping/Materials/M_Solid.uasset" 623
"C:/unreal projects/BYOG_Crumble/Content/LevelPrototyping/Materials/M_Solid.uexp" 624
"C:/unreal projects/BYOG_Crumble/Content/LevelPrototyping/Materials/MI_Solid_Blue.uasset" 625
"C:/unreal projects/BYOG_Crumble/Content/LevelPrototyping/Materials/MI_Solid_Blue.uexp" 626
"C:/unreal projects/BYOG_Crumble/Content/LevelPrototyping/Meshes/SM_ChamferCube.ubulk" 627
"C:/unreal projects/BYOG_Crumble/Content/LevelPrototyping/Meshes/SM_ChamferCube.uasset" 628
"C:/unreal projects/BYOG_Crumble/Content/LevelPrototyping/Meshes/SM_ChamferCube.uexp" 629
"C:/unreal projects/BYOG_Crumble/Content/_Crumble/Blueprints/BP_DecayPlatform.uasset" 630
"C:/unreal projects/BYOG_Crumble/Content/_Crumble/Blueprints/BP_DecayPlatform.uexp" 631
"../../../Engine/Content/EditorResources/EmptyActor.uasset" 632
"../../../Engine/Content/EditorResources/EmptyActor.uexp" 633
"../../../Engine/Content/EditorResources/BSPVertex.uasset" 634
"../../../Engine/Content/EditorResources/BSPVertex.uexp" 635
"../../../Engine/Content/EditorMaterials/PreviewShadowIndicator.ubulk" 636
"../../../Engine/Content/EditorMaterials/PreviewShadowIndicator.uasset" 637
"../../../Engine/Content/EditorMaterials/PreviewShadowIndicator.uexp" 638
"../../../Engine/Content/EditorMaterials/PreviewShadowIndicatorMaterial.uasset" 639
"../../../Engine/Content/EditorMaterials/PreviewShadowIndicatorMaterial.uexp" 640
"../../../Engine/Content/EditorMaterials/PhAT_UnselectedMaterial.uasset" 641
"../../../Engine/Content/EditorMaterials/PhAT_UnselectedMaterial.uexp" 642
"../../../Engine/Content/EditorMaterials/PhAT_NoCollisionMaterial.uasset" 643
"../../../Engine/Content/EditorMaterials/PhAT_NoCollisionMaterial.uexp" 644
"../../../Engine/Content/EditorLandscapeResources/DefaultAlphaTexture.uasset" 645
"../../../Engine/Content/EditorLandscapeResources/DefaultAlphaTexture.uexp" 646
"../../../Engine/Content/EditorLandscapeResources/DataLayer.uasset" 647
"../../../Engine/Content/EditorLandscapeResources/DataLayer.uexp" 648
"../../../Engine/Content/EngineMaterials/DefaultMaterial.uasset" 649
"../../../Engine/Content/EngineMaterials/DefaultMaterial.uexp" 650
"../../../Engine/Content/BasicShapes/Sphere.ubulk" 651
"../../../Engine/Content/BasicShapes/Sphere.uasset" 652
"../../../Engine/Content/BasicShapes/Sphere.uexp" 653
"../../../Engine/Content/BasicShapes/Plane.ubulk" 654
"../../../Engine/Content/BasicShapes/Plane.uasset" 655
"../../../Engine/Content/BasicShapes/Plane.uexp" 656
"../../../Engine/Content/BasicShapes/Cylinder.ubulk" 657
"../../../Engine/Content/BasicShapes/Cylinder.uasset" 658
"../../../Engine/Content/BasicShapes/Cylinder.uexp" 659
"../../../Engine/Content/BasicShapes/Cube.ubulk" 660
"../../../Engine/Content/BasicShapes/Cube.uasset" 661
"../../../Engine/Content/BasicShapes/Cube.uexp" 662
"../../../Engine/Content/BasicShapes/Cone.ubulk" 663
"../../../Engine/Content/BasicShapes/Cone.uasset" 664
"../../../Engine/Content/BasicShapes/Cone.uexp" 665
"../../../Engine/Content/BasicShapes/BasicShapeMaterial.uasset" 666
"../../../Engine/Content/BasicShapes/BasicShapeMaterial.uexp" 667
"C:/unreal projects/BYOG_Crumble/Content/StarterContent/Materials/M_Basic_Wall.uasset" 668
"C:/unreal projects/BYOG_Crumble/Content/StarterContent/Materials/M_Basic_Wall.uexp" 669
"C:/unreal projects/BYOG_Crumble/Content/StarterContent/Shapes/Shape_WideCapsule.ubulk" 670
"C:/unreal projects/BYOG_Crumble/Content/StarterContent/Shapes/Shape_WideCapsule.uasset" 671
"C:/unreal projects/BYOG_Crumble/Content/StarterContent/Shapes/Shape_WideCapsule.uexp" 672
"C:/unreal projects/BYOG_Crumble/Content/StarterContent/Shapes/Shape_Wedge_B.ubulk" 673
"C:/unreal projects/BYOG_Crumble/Content/StarterContent/Shapes/Shape_Wedge_B.uasset" 674
"C:/unreal projects/BYOG_Crumble/Content/StarterContent/Shapes/Shape_Wedge_B.uexp" 675
"C:/unreal projects/BYOG_Crumble/Content/StarterContent/Shapes/Shape_Wedge_A.ubulk" 676
"C:/unreal projects/BYOG_Crumble/Content/StarterContent/Shapes/Shape_Wedge_A.uasset" 677
"C:/unreal projects/BYOG_Crumble/Content/StarterContent/Shapes/Shape_Wedge_A.uexp" 678
"C:/unreal projects/BYOG_Crumble/Content/StarterContent/Shapes/Shape_Tube.ubulk" 679
"C:/unreal projects/BYOG_Crumble/Content/StarterContent/Shapes/Shape_Tube.uasset" 680
"C:/unreal projects/BYOG_Crumble/Content/StarterContent/Shapes/Shape_Tube.uexp" 681
"C:/unreal projects/BYOG_Crumble/Content/StarterContent/Shapes/Shape_TriPyramid.ubulk" 682
"C:/unreal projects/BYOG_Crumble/Content/StarterContent/Shapes/Shape_TriPyramid.uasset" 683
"C:/unreal projects/BYOG_Crumble/Content/StarterContent/Shapes/Shape_TriPyramid.uexp" 684
"C:/unreal projects/BYOG_Crumble/Content/StarterContent/Shapes/Shape_Trim_90_Out.ubulk" 685
"C:/unreal projects/BYOG_Crumble/Content/StarterContent/Shapes/Shape_Trim_90_Out.uasset" 686
"C:/unreal projects/BYOG_Crumble/Content/StarterContent/Shapes/Shape_Trim_90_Out.uexp" 687
"C:/unreal projects/BYOG_Crumble/Content/StarterContent/Shapes/Shape_Trim_90_In.ubulk" 688
"C:/unreal projects/BYOG_Crumble/Content/StarterContent/Shapes/Shape_Trim_90_In.uasset" 689
"C:/unreal projects/BYOG_Crumble/Content/StarterContent/Shapes/Shape_Trim_90_In.uexp" 690
"C:/unreal projects/BYOG_Crumble/Content/StarterContent/Shapes/Shape_Trim.ubulk" 691
"C:/unreal projects/BYOG_Crumble/Content/StarterContent/Shapes/Shape_Trim.uasset" 692
"C:/unreal projects/BYOG_Crumble/Content/StarterContent/Shapes/Shape_Trim.uexp" 693
"C:/unreal projects/BYOG_Crumble/Content/StarterContent/Shapes/Shape_Torus.ubulk" 694
"C:/unreal projects/BYOG_Crumble/Content/StarterContent/Shapes/Shape_Torus.uasset" 695
"C:/unreal projects/BYOG_Crumble/Content/StarterContent/Shapes/Shape_Torus.uexp" 696
"C:/unreal projects/BYOG_Crumble/Content/StarterContent/Shapes/Shape_Plane.ubulk" 697
"C:/unreal projects/BYOG_Crumble/Content/StarterContent/Shapes/Shape_Plane.uasset" 698
"C:/unreal projects/BYOG_Crumble/Content/StarterContent/Shapes/Shape_Plane.uexp" 699
"C:/unreal projects/BYOG_Crumble/Content/StarterContent/Shapes/Shape_Pipe_90.ubulk" 700
"C:/unreal projects/BYOG_Crumble/Content/StarterContent/Shapes/Shape_Pipe_90.uasset" 701
"C:/unreal projects/BYOG_Crumble/Content/StarterContent/Shapes/Shape_Pipe_90.uexp" 702
"C:/unreal projects/BYOG_Crumble/Content/StarterContent/Shapes/Shape_Pipe_180.ubulk" 703
"C:/unreal projects/BYOG_Crumble/Content/StarterContent/Shapes/Shape_Pipe_180.uasset" 704
"C:/unreal projects/BYOG_Crumble/Content/StarterContent/Shapes/Shape_Pipe_180.uexp" 705
"C:/unreal projects/BYOG_Crumble/Content/StarterContent/Shapes/Shape_Pipe.ubulk" 706
"C:/unreal projects/BYOG_Crumble/Content/StarterContent/Shapes/Shape_Pipe.uasset" 707
"C:/unreal projects/BYOG_Crumble/Content/StarterContent/Shapes/Shape_Pipe.uexp" 708
"C:/unreal projects/BYOG_Crumble/Content/StarterContent/Shapes/Shape_NarrowCapsule.ubulk" 709
"C:/unreal projects/BYOG_Crumble/Content/StarterContent/Shapes/Shape_NarrowCapsule.uasset" 710
"C:/unreal projects/BYOG_Crumble/Content/StarterContent/Shapes/Shape_NarrowCapsule.uexp" 711
"C:/unreal projects/BYOG_Crumble/Content/StarterContent/Shapes/Shape_Cylinder.ubulk" 712
"C:/unreal projects/BYOG_Crumble/Content/StarterContent/Shapes/Shape_Cylinder.uasset" 713
"C:/unreal projects/BYOG_Crumble/Content/StarterContent/Shapes/Shape_Cylinder.uexp" 714
"C:/unreal projects/BYOG_Crumble/Content/StarterContent/Shapes/Shape_Cone.ubulk" 715
"C:/unreal projects/BYOG_Crumble/Content/StarterContent/Shapes/Shape_Cone.uasset" 716
"C:/unreal projects/BYOG_Crumble/Content/StarterContent/Shapes/Shape_Cone.uexp" 717
"C:/unreal projects/BYOG_Crumble/Content/StarterContent/Materials/M_Basic_Floor.uasset" 718
"C:/unreal projects/BYOG_Crumble/Content/StarterContent/Materials/M_Basic_Floor.uexp" 719
"C:/unreal projects/BYOG_Crumble/Content/StarterContent/Props/SM_Stairs.ubulk" 720
"C:/unreal projects/BYOG_Crumble/Content/StarterContent/Props/SM_Stairs.uasset" 721
"C:/unreal projects/BYOG_Crumble/Content/StarterContent/Props/SM_Stairs.uexp" 722
"C:/unreal projects/BYOG_Crumble/Content/StarterContent/Textures/T_Shelf_N.ubulk" 723
"C:/unreal projects/BYOG_Crumble/Content/StarterContent/Textures/T_Shelf_N.uasset" 724
"C:/unreal projects/BYOG_Crumble/Content/StarterContent/Textures/T_Shelf_N.uexp" 725
"C:/unreal projects/BYOG_Crumble/Content/StarterContent/Textures/T_Shelf_M.ubulk" 726
"C:/unreal projects/BYOG_Crumble/Content/StarterContent/Textures/T_Shelf_M.uasset" 727
"C:/unreal projects/BYOG_Crumble/Content/StarterContent/Textures/T_Shelf_M.uexp" 728
"C:/unreal projects/BYOG_Crumble/Content/StarterContent/Props/Materials/M_Shelf.uasset" 729
"C:/unreal projects/BYOG_Crumble/Content/StarterContent/Props/Materials/M_Shelf.uexp" 730
"C:/unreal projects/BYOG_Crumble/Content/StarterContent/Props/SM_Shelf.ubulk" 731
"C:/unreal projects/BYOG_Crumble/Content/StarterContent/Props/SM_Shelf.uasset" 732
"C:/unreal projects/BYOG_Crumble/Content/StarterContent/Props/SM_Shelf.uexp" 733
"../../../Engine/Content/Functions/Engine_MaterialFunctions02/Utility/BlendAngleCorrectedNormals.uasset" 734
"../../../Engine/Content/Functions/Engine_MaterialFunctions02/Utility/BlendAngleCorrectedNormals.uexp" 735
"C:/unreal projects/BYOG_Crumble/Content/StarterContent/Textures/T_Detail_Rocky_N.ubulk" 736
"C:/unreal projects/BYOG_Crumble/Content/StarterContent/Textures/T_Detail_Rocky_N.uasset" 737
"C:/unreal projects/BYOG_Crumble/Content/StarterContent/Textures/T_Detail_Rocky_N.uexp" 738
"C:/unreal projects/BYOG_Crumble/Content/StarterContent/Textures/T_Rock_Basalt_D.ubulk" 739
"C:/unreal projects/BYOG_Crumble/Content/StarterContent/Textures/T_Rock_Basalt_D.uasset" 740
"C:/unreal projects/BYOG_Crumble/Content/StarterContent/Textures/T_Rock_Basalt_D.uexp" 741
"C:/unreal projects/BYOG_Crumble/Content/StarterContent/Textures/T_RockMesh_N.ubulk" 742
"C:/unreal projects/BYOG_Crumble/Content/StarterContent/Textures/T_RockMesh_N.uasset" 743
"C:/unreal projects/BYOG_Crumble/Content/StarterContent/Textures/T_RockMesh_N.uexp" 744
"C:/unreal projects/BYOG_Crumble/Content/StarterContent/Textures/T_RockMesh_M.ubulk" 745
"C:/unreal projects/BYOG_Crumble/Content/StarterContent/Textures/T_RockMesh_M.uasset" 746
"C:/unreal projects/BYOG_Crumble/Content/StarterContent/Textures/T_RockMesh_M.uexp" 747
"C:/unreal projects/BYOG_Crumble/Content/StarterContent/Props/Materials/M_Rock.uasset" 748
"C:/unreal projects/BYOG_Crumble/Content/StarterContent/Props/Materials/M_Rock.uexp" 749
"C:/unreal projects/BYOG_Crumble/Content/StarterContent/Props/SM_Rock.ubulk" 750
"C:/unreal projects/BYOG_Crumble/Content/StarterContent/Props/SM_Rock.uasset" 751
"C:/unreal projects/BYOG_Crumble/Content/StarterContent/Props/SM_Rock.uexp" 752
"C:/unreal projects/BYOG_Crumble/Content/StarterContent/Materials/M_Glass.uasset" 753
"C:/unreal projects/BYOG_Crumble/Content/StarterContent/Materials/M_Glass.uexp" 754
"C:/unreal projects/BYOG_Crumble/Content/StarterContent/Textures/T_Door_N.ubulk" 755
"C:/unreal projects/BYOG_Crumble/Content/StarterContent/Textures/T_Door_N.uasset" 756
"C:/unreal projects/BYOG_Crumble/Content/StarterContent/Textures/T_Door_N.uexp" 757
"C:/unreal projects/BYOG_Crumble/Content/StarterContent/Textures/T_Door_M.ubulk" 758
"C:/unreal projects/BYOG_Crumble/Content/StarterContent/Textures/T_Door_M.uasset" 759
"C:/unreal projects/BYOG_Crumble/Content/StarterContent/Textures/T_Door_M.uexp" 760
"C:/unreal projects/BYOG_Crumble/Content/StarterContent/Props/Materials/M_Door.uasset" 761
"C:/unreal projects/BYOG_Crumble/Content/StarterContent/Props/Materials/M_Door.uexp" 762
"C:/unreal projects/BYOG_Crumble/Content/StarterContent/Props/SM_Door.ubulk" 763
"C:/unreal projects/BYOG_Crumble/Content/StarterContent/Props/SM_Door.uasset" 764
"C:/unreal projects/BYOG_Crumble/Content/StarterContent/Props/SM_Door.uexp" 765
"C:/unreal projects/BYOG_Crumble/Content/StarterContent/Textures/T_Chair_N.ubulk" 766
"C:/unreal projects/BYOG_Crumble/Content/StarterContent/Textures/T_Chair_N.uasset" 767
"C:/unreal projects/BYOG_Crumble/Content/StarterContent/Textures/T_Chair_N.uexp" 768
"C:/unreal projects/BYOG_Crumble/Content/StarterContent/Textures/T_Chair_M.ubulk" 769
"C:/unreal projects/BYOG_Crumble/Content/StarterContent/Textures/T_Chair_M.uasset" 770
"C:/unreal projects/BYOG_Crumble/Content/StarterContent/Textures/T_Chair_M.uexp" 771
"C:/unreal projects/BYOG_Crumble/Content/StarterContent/Props/Materials/M_Chair.uasset" 772
"C:/unreal projects/BYOG_Crumble/Content/StarterContent/Props/Materials/M_Chair.uexp" 773
"C:/unreal projects/BYOG_Crumble/Content/StarterContent/Props/SM_Couch.ubulk" 774
"C:/unreal projects/BYOG_Crumble/Content/StarterContent/Props/SM_Couch.uasset" 775
"C:/unreal projects/BYOG_Crumble/Content/StarterContent/Props/SM_Couch.uexp" 776
"C:/unreal projects/BYOG_Crumble/Content/StarterContent/Textures/T_Bush_N.ubulk" 777
"C:/unreal projects/BYOG_Crumble/Content/StarterContent/Textures/T_Bush_N.uasset" 778
"C:/unreal projects/BYOG_Crumble/Content/StarterContent/Textures/T_Bush_N.uexp" 779
"C:/unreal projects/BYOG_Crumble/Content/StarterContent/Textures/T_Bush_D.ubulk" 780
"C:/unreal projects/BYOG_Crumble/Content/StarterContent/Textures/T_Bush_D.uasset" 781
"C:/unreal projects/BYOG_Crumble/Content/StarterContent/Textures/T_Bush_D.uexp" 782
"C:/unreal projects/BYOG_Crumble/Content/StarterContent/Props/Materials/M_Bush.uasset" 783
"C:/unreal projects/BYOG_Crumble/Content/StarterContent/Props/Materials/M_Bush.uexp" 784
"C:/unreal projects/BYOG_Crumble/Content/StarterContent/Props/SM_Bush.ubulk" 785
"C:/unreal projects/BYOG_Crumble/Content/StarterContent/Props/SM_Bush.uasset" 786
"C:/unreal projects/BYOG_Crumble/Content/StarterContent/Props/SM_Bush.uexp" 787
"../../../Engine/Content/EditorMeshes/ColorCalibrator/T_ColorGrid.ubulk" 788
"../../../Engine/Content/EditorMeshes/ColorCalibrator/T_ColorGrid.uasset" 789
"../../../Engine/Content/EditorMeshes/ColorCalibrator/T_ColorGrid.uexp" 790
"C:/unreal projects/BYOG_Crumble/Content/StarterContent/Materials/M_ColorGrid_LowSpec.uasset" 791
"C:/unreal projects/BYOG_Crumble/Content/StarterContent/Materials/M_ColorGrid_LowSpec.uexp" 792
"C:/unreal projects/BYOG_Crumble/Content/StarterContent/Textures/T_Smoke_SubUV.ubulk" 793
"C:/unreal projects/BYOG_Crumble/Content/StarterContent/Textures/T_Smoke_SubUV.uasset" 794
"C:/unreal projects/BYOG_Crumble/Content/StarterContent/Textures/T_Smoke_SubUV.uexp" 795
"C:/unreal projects/BYOG_Crumble/Content/StarterContent/Textures/T_Smoke_Tiled_D.ubulk" 796
"C:/unreal projects/BYOG_Crumble/Content/StarterContent/Textures/T_Smoke_Tiled_D.uasset" 797
"C:/unreal projects/BYOG_Crumble/Content/StarterContent/Textures/T_Smoke_Tiled_D.uexp" 798
"C:/unreal projects/BYOG_Crumble/Content/StarterContent/Particles/Materials/M_smoke_subUV.uasset" 799
"C:/unreal projects/BYOG_Crumble/Content/StarterContent/Particles/Materials/M_smoke_subUV.uexp" 800
"C:/unreal projects/BYOG_Crumble/Content/StarterContent/Textures/T_Burst_M.ubulk" 801
"C:/unreal projects/BYOG_Crumble/Content/StarterContent/Textures/T_Burst_M.uasset" 802
"C:/unreal projects/BYOG_Crumble/Content/StarterContent/Textures/T_Burst_M.uexp" 803
"C:/unreal projects/BYOG_Crumble/Content/StarterContent/Particles/Materials/M_Burst.uasset" 804
"C:/unreal projects/BYOG_Crumble/Content/StarterContent/Particles/Materials/M_Burst.uexp" 805
"C:/unreal projects/BYOG_Crumble/Content/StarterContent/Particles/Materials/m_flare_01.uasset" 806
"C:/unreal projects/BYOG_Crumble/Content/StarterContent/Particles/Materials/m_flare_01.uexp" 807
"C:/unreal projects/BYOG_Crumble/Content/StarterContent/Textures/T_Explosion_SubUV.ubulk" 808
"C:/unreal projects/BYOG_Crumble/Content/StarterContent/Textures/T_Explosion_SubUV.uasset" 809
"C:/unreal projects/BYOG_Crumble/Content/StarterContent/Textures/T_Explosion_SubUV.uexp" 810
"C:/unreal projects/BYOG_Crumble/Content/StarterContent/Particles/Materials/M_explosion_subUV.uasset" 811
"C:/unreal projects/BYOG_Crumble/Content/StarterContent/Particles/Materials/M_explosion_subUV.uexp" 812
"../../../Engine/Content/Functions/Engine_MaterialFunctions01/Gradient/RadialGradient.uasset" 813
"../../../Engine/Content/Functions/Engine_MaterialFunctions01/Gradient/RadialGradient.uexp" 814
"C:/unreal projects/BYOG_Crumble/Content/StarterContent/Particles/Materials/M_radial_ramp.uasset" 815
"C:/unreal projects/BYOG_Crumble/Content/StarterContent/Particles/Materials/M_radial_ramp.uexp" 816
"C:/unreal projects/BYOG_Crumble/Content/StarterContent/Particles/P_Explosion.uasset" 817
"C:/unreal projects/BYOG_Crumble/Content/StarterContent/Particles/P_Explosion.uexp" 818
"C:/unreal projects/BYOG_Crumble/Content/StarterContent/Audio/Explosion_Cue.uasset" 819
"C:/unreal projects/BYOG_Crumble/Content/StarterContent/Audio/Explosion_Cue.uexp" 820
"C:/unreal projects/BYOG_Crumble/Content/StarterContent/Blueprints/Blueprint_Effect_Explosion.uasset" 821
"C:/unreal projects/BYOG_Crumble/Content/StarterContent/Blueprints/Blueprint_Effect_Explosion.uexp" 822
"C:/unreal projects/BYOG_Crumble/Content/StarterContent/Audio/Steam01.ubulk" 823
"C:/unreal projects/BYOG_Crumble/Content/StarterContent/Audio/Steam01.uasset" 824
"C:/unreal projects/BYOG_Crumble/Content/StarterContent/Audio/Steam01.uexp" 825
"C:/unreal projects/BYOG_Crumble/Content/StarterContent/Audio/Starter_Wind06.ubulk" 826
"C:/unreal projects/BYOG_Crumble/Content/StarterContent/Audio/Starter_Wind06.uasset" 827
"C:/unreal projects/BYOG_Crumble/Content/StarterContent/Audio/Starter_Wind06.uexp" 828
"C:/unreal projects/BYOG_Crumble/Content/StarterContent/Audio/Starter_Wind05.ubulk" 829
"C:/unreal projects/BYOG_Crumble/Content/StarterContent/Audio/Starter_Wind05.uasset" 830
"C:/unreal projects/BYOG_Crumble/Content/StarterContent/Audio/Starter_Wind05.uexp" 831
"C:/unreal projects/BYOG_Crumble/Content/StarterContent/Audio/Starter_Music01.ubulk" 832
"C:/unreal projects/BYOG_Crumble/Content/StarterContent/Audio/Starter_Music01.uasset" 833
"C:/unreal projects/BYOG_Crumble/Content/StarterContent/Audio/Starter_Music01.uexp" 834
"C:/unreal projects/BYOG_Crumble/Content/StarterContent/Audio/Starter_Birds01.ubulk" 835
"C:/unreal projects/BYOG_Crumble/Content/StarterContent/Audio/Starter_Birds01.uasset" 836
"C:/unreal projects/BYOG_Crumble/Content/StarterContent/Audio/Starter_Birds01.uexp" 837
"C:/unreal projects/BYOG_Crumble/Content/StarterContent/Audio/Smoke01.ubulk" 838
"C:/unreal projects/BYOG_Crumble/Content/StarterContent/Audio/Smoke01.uasset" 839
"C:/unreal projects/BYOG_Crumble/Content/StarterContent/Audio/Smoke01.uexp" 840
"C:/unreal projects/BYOG_Crumble/Content/StarterContent/Audio/Light02_Cue.uasset" 841
"C:/unreal projects/BYOG_Crumble/Content/StarterContent/Audio/Light02_Cue.uexp" 842
"C:/unreal projects/BYOG_Crumble/Content/StarterContent/Audio/Light02.ubulk" 843
"C:/unreal projects/BYOG_Crumble/Content/StarterContent/Audio/Light02.uasset" 844
"C:/unreal projects/BYOG_Crumble/Content/StarterContent/Audio/Light02.uexp" 845
"C:/unreal projects/BYOG_Crumble/Content/StarterContent/Audio/Light01_Cue.uasset" 846
"C:/unreal projects/BYOG_Crumble/Content/StarterContent/Audio/Light01_Cue.uexp" 847
"C:/unreal projects/BYOG_Crumble/Content/StarterContent/Audio/Light01.ubulk" 848
"C:/unreal projects/BYOG_Crumble/Content/StarterContent/Audio/Light01.uasset" 849
"C:/unreal projects/BYOG_Crumble/Content/StarterContent/Audio/Light01.uexp" 850
"C:/unreal projects/BYOG_Crumble/Content/StarterContent/Audio/Fire_Sparks01.ubulk" 851
"C:/unreal projects/BYOG_Crumble/Content/StarterContent/Audio/Fire_Sparks01.uasset" 852
"C:/unreal projects/BYOG_Crumble/Content/StarterContent/Audio/Fire_Sparks01.uexp" 853
"C:/unreal projects/BYOG_Crumble/Content/StarterContent/Audio/Fire01.ubulk" 854
"C:/unreal projects/BYOG_Crumble/Content/StarterContent/Audio/Fire01.uasset" 855
"C:/unreal projects/BYOG_Crumble/Content/StarterContent/Audio/Fire01.uexp" 856
"C:/unreal projects/BYOG_Crumble/Content/StarterContent/Audio/Explosion02.ubulk" 857
"C:/unreal projects/BYOG_Crumble/Content/StarterContent/Audio/Explosion02.uasset" 858
"C:/unreal projects/BYOG_Crumble/Content/StarterContent/Audio/Explosion02.uexp" 859
"C:/unreal projects/BYOG_Crumble/Content/StarterContent/Audio/Explosion01.ubulk" 860
"C:/unreal projects/BYOG_Crumble/Content/StarterContent/Audio/Explosion01.uasset" 861
"C:/unreal projects/BYOG_Crumble/Content/StarterContent/Audio/Explosion01.uexp" 862
"C:/unreal projects/BYOG_Crumble/Content/StarterContent/Audio/Collapse02.ubulk" 863
"C:/unreal projects/BYOG_Crumble/Content/StarterContent/Audio/Collapse02.uasset" 864
"C:/unreal projects/BYOG_Crumble/Content/StarterContent/Audio/Collapse02.uexp" 865
"C:/unreal projects/BYOG_Crumble/Content/StarterContent/Audio/Collapse01.ubulk" 866
"C:/unreal projects/BYOG_Crumble/Content/StarterContent/Audio/Collapse01.uasset" 867
"C:/unreal projects/BYOG_Crumble/Content/StarterContent/Audio/Collapse01.uexp" 868
"C:/unreal projects/BYOG_Crumble/Content/StarterContent/Architecture/Wall_Window_400x400.ubulk" 869
"C:/unreal projects/BYOG_Crumble/Content/StarterContent/Architecture/Wall_Window_400x400.uasset" 870
"C:/unreal projects/BYOG_Crumble/Content/StarterContent/Architecture/Wall_Window_400x400.uexp" 871
"C:/unreal projects/BYOG_Crumble/Content/StarterContent/Architecture/Wall_Door_400x400.ubulk" 872
"C:/unreal projects/BYOG_Crumble/Content/StarterContent/Architecture/Wall_Door_400x400.uasset" 873
"C:/unreal projects/BYOG_Crumble/Content/StarterContent/Architecture/Wall_Door_400x400.uexp" 874
"C:/unreal projects/BYOG_Crumble/Content/StarterContent/Architecture/Wall_500x500.ubulk" 875
"C:/unreal projects/BYOG_Crumble/Content/StarterContent/Architecture/Wall_500x500.uasset" 876
"C:/unreal projects/BYOG_Crumble/Content/StarterContent/Architecture/Wall_500x500.uexp" 877
"C:/unreal projects/BYOG_Crumble/Content/StarterContent/Architecture/Wall_400x400.ubulk" 878
"C:/unreal projects/BYOG_Crumble/Content/StarterContent/Architecture/Wall_400x400.uasset" 879
"C:/unreal projects/BYOG_Crumble/Content/StarterContent/Architecture/Wall_400x400.uexp" 880
"C:/unreal projects/BYOG_Crumble/Content/StarterContent/Architecture/Wall_400x300.ubulk" 881
"C:/unreal projects/BYOG_Crumble/Content/StarterContent/Architecture/Wall_400x300.uasset" 882
"C:/unreal projects/BYOG_Crumble/Content/StarterContent/Architecture/Wall_400x300.uexp" 883
"C:/unreal projects/BYOG_Crumble/Content/StarterContent/Architecture/Pillar_50x500.ubulk" 884
"C:/unreal projects/BYOG_Crumble/Content/StarterContent/Architecture/Pillar_50x500.uasset" 885
"C:/unreal projects/BYOG_Crumble/Content/StarterContent/Architecture/Pillar_50x500.uexp" 886
"C:/unreal projects/BYOG_Crumble/Content/LevelPrototyping/Textures/T_GridChecker_A.ubulk" 887
"C:/unreal projects/BYOG_Crumble/Content/LevelPrototyping/Textures/T_GridChecker_A.uasset" 888
"C:/unreal projects/BYOG_Crumble/Content/LevelPrototyping/Textures/T_GridChecker_A.uexp" 889
"../../../Engine/Content/Functions/Engine_MaterialFunctions01/Gradient/LinearGradient.uasset" 890
"../../../Engine/Content/Functions/Engine_MaterialFunctions01/Gradient/LinearGradient.uexp" 891
"../../../Engine/Content/Functions/Engine_MaterialFunctions01/ImageAdjustment/CheapContrast.uasset" 892
"../../../Engine/Content/Functions/Engine_MaterialFunctions01/ImageAdjustment/CheapContrast.uexp" 893
"C:/unreal projects/BYOG_Crumble/Content/LevelPrototyping/Materials/MF_ProcGrid.uasset" 894
"C:/unreal projects/BYOG_Crumble/Content/LevelPrototyping/Materials/MF_ProcGrid.uexp" 895
"C:/unreal projects/BYOG_Crumble/Content/LevelPrototyping/Materials/M_PrototypeGrid.uasset" 896
"C:/unreal projects/BYOG_Crumble/Content/LevelPrototyping/Materials/M_PrototypeGrid.uexp" 897
"C:/unreal projects/BYOG_Crumble/Content/LevelPrototyping/Materials/MI_PrototypeGrid_Gray.uasset" 898
"C:/unreal projects/BYOG_Crumble/Content/LevelPrototyping/Materials/MI_PrototypeGrid_Gray.uexp" 899
"C:/unreal projects/BYOG_Crumble/Content/LevelPrototyping/Meshes/SM_Cylinder.ubulk" 900
"C:/unreal projects/BYOG_Crumble/Content/LevelPrototyping/Meshes/SM_Cylinder.uasset" 901
"C:/unreal projects/BYOG_Crumble/Content/LevelPrototyping/Meshes/SM_Cylinder.uexp" 902
"C:/unreal projects/BYOG_Crumble/Content/LevelPrototyping/Materials/MI_PrototypeGrid_Gray_02.uasset" 903
"C:/unreal projects/BYOG_Crumble/Content/LevelPrototyping/Materials/MI_PrototypeGrid_Gray_02.uexp" 904
"C:/unreal projects/BYOG_Crumble/Content/FPWeapon/Mesh/SK_FPGun_PhysicsAsset.uasset" 905
"C:/unreal projects/BYOG_Crumble/Content/FPWeapon/Mesh/SK_FPGun_PhysicsAsset.uexp" 906
"C:/unreal projects/BYOG_Crumble/Content/FirstPerson/Maps/FirstPersonMap_BuiltData.ubulk" 907
"C:/unreal projects/BYOG_Crumble/Content/FirstPerson/Maps/FirstPersonMap_BuiltData.uasset" 908
"C:/unreal projects/BYOG_Crumble/Content/FirstPerson/Maps/FirstPersonMap_BuiltData.uexp" 909
"../../../Engine/Content/MobileResources/HUD/VirtualJoystick_Background.uasset" 910
"../../../Engine/Content/MobileResources/HUD/VirtualJoystick_Background.uexp" 911
"../../../Engine/Content/MobileResources/HUD/VirtualJoystick_Thumb.uasset" 912
"../../../Engine/Content/MobileResources/HUD/VirtualJoystick_Thumb.uexp" 913
"C:/unreal projects/BYOG_Crumble/Content/FirstPerson/Input/MobileControls.uasset" 914
"C:/unreal projects/BYOG_Crumble/Content/FirstPerson/Input/MobileControls.uexp" 915
"C:/unreal projects/BYOG_Crumble/Content/FirstPerson/Input/Actions/IA_Shoot.uasset" 916
"C:/unreal projects/BYOG_Crumble/Content/FirstPerson/Input/Actions/IA_Shoot.uexp" 917
"C:/unreal projects/BYOG_Crumble/Content/FirstPerson/Input/IMC_Weapons.uasset" 918
"C:/unreal projects/BYOG_Crumble/Content/FirstPerson/Input/IMC_Weapons.uexp" 919
"C:/unreal projects/BYOG_Crumble/Content/FPWeapon/Mesh/SK_FPGun_Skeleton.uasset" 920
"C:/unreal projects/BYOG_Crumble/Content/FPWeapon/Mesh/SK_FPGun_Skeleton.uexp" 921
"C:/unreal projects/BYOG_Crumble/Content/FPWeapon/Materials/MaterialLayers/T_ML_Rubber_Blue_01_D.ubulk" 922
"C:/unreal projects/BYOG_Crumble/Content/FPWeapon/Materials/MaterialLayers/T_ML_Rubber_Blue_01_D.uasset" 923
"C:/unreal projects/BYOG_Crumble/Content/FPWeapon/Materials/MaterialLayers/T_ML_Rubber_Blue_01_D.uexp" 924
"C:/unreal projects/BYOG_Crumble/Content/FPWeapon/Textures/T_FPGun_N.ubulk" 925
"C:/unreal projects/BYOG_Crumble/Content/FPWeapon/Textures/T_FPGun_N.uasset" 926
"C:/unreal projects/BYOG_Crumble/Content/FPWeapon/Textures/T_FPGun_N.uexp" 927
"../../../Engine/Content/Functions/MaterialLayerFunctions/MatLayerBlend_NormalBlend.uasset" 928
"../../../Engine/Content/Functions/MaterialLayerFunctions/MatLayerBlend_NormalBlend.uexp" 929
"C:/unreal projects/BYOG_Crumble/Content/FPWeapon/Materials/MaterialLayers/T_ML_Rubber_Blue_01_N.ubulk" 930
"C:/unreal projects/BYOG_Crumble/Content/FPWeapon/Materials/MaterialLayers/T_ML_Rubber_Blue_01_N.uasset" 931
"C:/unreal projects/BYOG_Crumble/Content/FPWeapon/Materials/MaterialLayers/T_ML_Rubber_Blue_01_N.uexp" 932
"C:/unreal projects/BYOG_Crumble/Content/FPWeapon/Materials/MaterialLayers/ML_Screen.uasset" 933
"C:/unreal projects/BYOG_Crumble/Content/FPWeapon/Materials/MaterialLayers/ML_Screen.uexp" 934
"C:/unreal projects/BYOG_Crumble/Content/FPWeapon/Materials/MaterialLayers/T_ML_Aluminum01_N.ubulk" 935
"C:/unreal projects/BYOG_Crumble/Content/FPWeapon/Materials/MaterialLayers/T_ML_Aluminum01_N.uasset" 936
"C:/unreal projects/BYOG_Crumble/Content/FPWeapon/Materials/MaterialLayers/T_ML_Aluminum01_N.uexp" 937
"C:/unreal projects/BYOG_Crumble/Content/FPWeapon/Materials/MaterialLayers/T_ML_Aluminum01.ubulk" 938
"C:/unreal projects/BYOG_Crumble/Content/FPWeapon/Materials/MaterialLayers/T_ML_Aluminum01.uasset" 939
"C:/unreal projects/BYOG_Crumble/Content/FPWeapon/Materials/MaterialLayers/T_ML_Aluminum01.uexp" 940
"C:/unreal projects/BYOG_Crumble/Content/FPWeapon/Materials/MaterialLayers/ML_SoftMetal_UE4.uasset" 941
"C:/unreal projects/BYOG_Crumble/Content/FPWeapon/Materials/MaterialLayers/ML_SoftMetal_UE4.uexp" 942
"../../../Engine/Content/Functions/MaterialLayerFunctions/MatLayerBlend_Simple.uasset" 943
"../../../Engine/Content/Functions/MaterialLayerFunctions/MatLayerBlend_Simple.uexp" 944
"C:/unreal projects/BYOG_Crumble/Content/FPWeapon/Textures/T_FPGun_M.ubulk" 945
"C:/unreal projects/BYOG_Crumble/Content/FPWeapon/Textures/T_FPGun_M.uasset" 946
"C:/unreal projects/BYOG_Crumble/Content/FPWeapon/Textures/T_FPGun_M.uexp" 947
"C:/unreal projects/BYOG_Crumble/Content/FPWeapon/Materials/MaterialLayers/ML_Plastic_Shiny_Beige.uasset" 948
"C:/unreal projects/BYOG_Crumble/Content/FPWeapon/Materials/MaterialLayers/ML_Plastic_Shiny_Beige.uexp" 949
"C:/unreal projects/BYOG_Crumble/Content/FPWeapon/Materials/MaterialLayers/ML_GlossyBlack_Latex_UE4.uasset" 950
"C:/unreal projects/BYOG_Crumble/Content/FPWeapon/Materials/MaterialLayers/ML_GlossyBlack_Latex_UE4.uexp" 951
"C:/unreal projects/BYOG_Crumble/Content/FPWeapon/Materials/M_FPGun.uasset" 952
"C:/unreal projects/BYOG_Crumble/Content/FPWeapon/Materials/M_FPGun.uexp" 953
"C:/unreal projects/BYOG_Crumble/Content/FPWeapon/Mesh/SK_FPGun_Physics.uasset" 954
"C:/unreal projects/BYOG_Crumble/Content/FPWeapon/Mesh/SK_FPGun_Physics.uexp" 955
"C:/unreal projects/BYOG_Crumble/Content/FPWeapon/Mesh/SK_FPGun.uasset" 956
"C:/unreal projects/BYOG_Crumble/Content/FPWeapon/Mesh/SK_FPGun.uexp" 957
"C:/unreal projects/BYOG_Crumble/Content/FPWeapon/Audio/FirstPersonTemplateWeaponFire02.ubulk" 958
"C:/unreal projects/BYOG_Crumble/Content/FPWeapon/Audio/FirstPersonTemplateWeaponFire02.uasset" 959
"C:/unreal projects/BYOG_Crumble/Content/FPWeapon/Audio/FirstPersonTemplateWeaponFire02.uexp" 960
"C:/unreal projects/BYOG_Crumble/Content/FPWeapon/Materials/BaseMaterial.uasset" 961
"C:/unreal projects/BYOG_Crumble/Content/FPWeapon/Materials/BaseMaterial.uexp" 962
"C:/unreal projects/BYOG_Crumble/Content/FPWeapon/Materials/FirstPersonProjectileMaterial.uasset" 963
"C:/unreal projects/BYOG_Crumble/Content/FPWeapon/Materials/FirstPersonProjectileMaterial.uexp" 964
"C:/unreal projects/BYOG_Crumble/Content/FPWeapon/Mesh/FirstPersonProjectileMesh.ubulk" 965
"C:/unreal projects/BYOG_Crumble/Content/FPWeapon/Mesh/FirstPersonProjectileMesh.uasset" 966
"C:/unreal projects/BYOG_Crumble/Content/FPWeapon/Mesh/FirstPersonProjectileMesh.uexp" 967
"C:/unreal projects/BYOG_Crumble/Content/FirstPerson/Blueprints/BP_FirstPersonProjectile.uasset" 968
"C:/unreal projects/BYOG_Crumble/Content/FirstPerson/Blueprints/BP_FirstPersonProjectile.uexp" 969
"../../../Engine/Content/Animation/DefaultAnimCurveCompressionSettings.uasset" 970
"../../../Engine/Content/Animation/DefaultAnimCurveCompressionSettings.uexp" 971
"../../../Engine/Content/Animation/DefaultAnimBoneCompressionSettings.uasset" 972
"../../../Engine/Content/Animation/DefaultAnimBoneCompressionSettings.uexp" 973
"C:/unreal projects/BYOG_Crumble/Content/FirstPersonArms/Character/Mesh/SK_Mannequin_Arms_Skeleton.uasset" 974
"C:/unreal projects/BYOG_Crumble/Content/FirstPersonArms/Character/Mesh/SK_Mannequin_Arms_Skeleton.uexp" 975
"C:/unreal projects/BYOG_Crumble/Content/FirstPersonArms/Animations/FP_Rifle_Fire.uasset" 976
"C:/unreal projects/BYOG_Crumble/Content/FirstPersonArms/Animations/FP_Rifle_Fire.uexp" 977
"C:/unreal projects/BYOG_Crumble/Content/FirstPersonArms/Animations/FP_Rifle_Shoot_Montage.uasset" 978
"C:/unreal projects/BYOG_Crumble/Content/FirstPersonArms/Animations/FP_Rifle_Shoot_Montage.uexp" 979
"C:/unreal projects/BYOG_Crumble/Content/FirstPersonArms/Animations/FP_Rifle_Idle.uasset" 980
"C:/unreal projects/BYOG_Crumble/Content/FirstPersonArms/Animations/FP_Rifle_Idle.uexp" 981
"C:/unreal projects/BYOG_Crumble/Content/FirstPersonArms/Animations/FP_Rifle_Land.uasset" 982
"C:/unreal projects/BYOG_Crumble/Content/FirstPersonArms/Animations/FP_Rifle_Land.uexp" 983
"C:/unreal projects/BYOG_Crumble/Content/FirstPersonArms/Animations/FP_Rifle_Run.uasset" 984
"C:/unreal projects/BYOG_Crumble/Content/FirstPersonArms/Animations/FP_Rifle_Run.uexp" 985
"C:/unreal projects/BYOG_Crumble/Content/FirstPersonArms/Animations/FP_Rifle_Falling.uasset" 986
"C:/unreal projects/BYOG_Crumble/Content/FirstPersonArms/Animations/FP_Rifle_Falling.uexp" 987
"../../../Engine/Content/Animation/DefaultRecorderBoneCompression.uasset" 988
"../../../Engine/Content/Animation/DefaultRecorderBoneCompression.uexp" 989
"C:/unreal projects/BYOG_Crumble/Content/FirstPersonArms/Animations/FP_Idle.uasset" 990
"C:/unreal projects/BYOG_Crumble/Content/FirstPersonArms/Animations/FP_Idle.uexp" 991
"C:/unreal projects/BYOG_Crumble/Content/FirstPersonArms/Animations/FP_Jump.uasset" 992
"C:/unreal projects/BYOG_Crumble/Content/FirstPersonArms/Animations/FP_Jump.uexp" 993
"C:/unreal projects/BYOG_Crumble/Content/FirstPersonArms/Animations/FP_Run_Fwd.uasset" 994
"C:/unreal projects/BYOG_Crumble/Content/FirstPersonArms/Animations/FP_Run_Fwd.uexp" 995
"C:/unreal projects/BYOG_Crumble/Content/FirstPersonArms/Animations/FP_Land.uasset" 996
"C:/unreal projects/BYOG_Crumble/Content/FirstPersonArms/Animations/FP_Land.uexp" 997
"C:/unreal projects/BYOG_Crumble/Content/FirstPersonArms/Animations/FP_Falling.uasset" 998
"C:/unreal projects/BYOG_Crumble/Content/FirstPersonArms/Animations/FP_Falling.uexp" 999
"../../../Engine/Content/Animation/DefaultVariableFrameStrippingSettings.uasset" 1000
"../../../Engine/Content/Animation/DefaultVariableFrameStrippingSettings.uexp" 1001
"C:/unreal projects/BYOG_Crumble/Content/FirstPersonArms/Animations/FP_Rifle_Jump.uasset" 1002
"C:/unreal projects/BYOG_Crumble/Content/FirstPersonArms/Animations/FP_Rifle_Jump.uexp" 1003
"C:/unreal projects/BYOG_Crumble/Content/FirstPerson/Input/Actions/IA_Look.uasset" 1004
"C:/unreal projects/BYOG_Crumble/Content/FirstPerson/Input/Actions/IA_Look.uexp" 1005
"C:/unreal projects/BYOG_Crumble/Content/FirstPersonArms/Character/Textures/Manny/T_Manny_02_N.ubulk" 1006
"C:/unreal projects/BYOG_Crumble/Content/FirstPersonArms/Character/Textures/Manny/T_Manny_02_N.uasset" 1007
"C:/unreal projects/BYOG_Crumble/Content/FirstPersonArms/Character/Textures/Manny/T_Manny_02_N.uexp" 1008
"C:/unreal projects/BYOG_Crumble/Content/FirstPersonArms/Character/Textures/Manny/T_Manny_02_BN.ubulk" 1009
"C:/unreal projects/BYOG_Crumble/Content/FirstPersonArms/Character/Textures/Manny/T_Manny_02_BN.uasset" 1010
"C:/unreal projects/BYOG_Crumble/Content/FirstPersonArms/Character/Textures/Manny/T_Manny_02_BN.uexp" 1011
"C:/unreal projects/BYOG_Crumble/Content/FirstPersonArms/Character/Textures/Manny/T_Manny_02_ASAOPMASK_MSK.ubulk" 1012
"C:/unreal projects/BYOG_Crumble/Content/FirstPersonArms/Character/Textures/Manny/T_Manny_02_ASAOPMASK_MSK.uasset" 1013
"C:/unreal projects/BYOG_Crumble/Content/FirstPersonArms/Character/Textures/Manny/T_Manny_02_ASAOPMASK_MSK.uexp" 1014
"C:/unreal projects/BYOG_Crumble/Content/FirstPersonArms/Character/Textures/Manny/T_Manny_01_ASAOPMASK_MSK.ubulk" 1015
"C:/unreal projects/BYOG_Crumble/Content/FirstPersonArms/Character/Textures/Manny/T_Manny_01_ASAOPMASK_MSK.uasset" 1016
"C:/unreal projects/BYOG_Crumble/Content/FirstPersonArms/Character/Textures/Manny/T_Manny_01_ASAOPMASK_MSK.uexp" 1017
"C:/unreal projects/BYOG_Crumble/Content/FirstPersonArms/Character/Textures/Manny/T_Manny_01_CCRCCPlastic_MSK.ubulk" 1018
"C:/unreal projects/BYOG_Crumble/Content/FirstPersonArms/Character/Textures/Manny/T_Manny_01_CCRCCPlastic_MSK.uasset" 1019
"C:/unreal projects/BYOG_Crumble/Content/FirstPersonArms/Character/Textures/Manny/T_Manny_01_CCRCCPlastic_MSK.uexp" 1020
"C:/unreal projects/BYOG_Crumble/Content/FirstPersonArms/Character/Textures/Manny/T_Manny_01_Tan.ubulk" 1021
"C:/unreal projects/BYOG_Crumble/Content/FirstPersonArms/Character/Textures/Manny/T_Manny_01_Tan.uasset" 1022
"C:/unreal projects/BYOG_Crumble/Content/FirstPersonArms/Character/Textures/Manny/T_Manny_01_Tan.uexp" 1023
"C:/unreal projects/BYOG_Crumble/Content/FirstPersonArms/Character/Textures/Manny/T_Manny_01_BN.ubulk" 1024
"C:/unreal projects/BYOG_Crumble/Content/FirstPersonArms/Character/Textures/Manny/T_Manny_01_BN.uasset" 1025
"C:/unreal projects/BYOG_Crumble/Content/FirstPersonArms/Character/Textures/Manny/T_Manny_01_BN.uexp" 1026
"C:/unreal projects/BYOG_Crumble/Content/FirstPersonArms/Character/Textures/Manny/T_Manny_01_MSR_MSK.ubulk" 1027
"C:/unreal projects/BYOG_Crumble/Content/FirstPersonArms/Character/Textures/Manny/T_Manny_01_MSR_MSK.uasset" 1028
"C:/unreal projects/BYOG_Crumble/Content/FirstPersonArms/Character/Textures/Manny/T_Manny_01_MSR_MSK.uexp" 1029
"C:/unreal projects/BYOG_Crumble/Content/FirstPersonArms/Character/Textures/Manny/T_Manny_01_N.ubulk" 1030
"C:/unreal projects/BYOG_Crumble/Content/FirstPersonArms/Character/Textures/Manny/T_Manny_01_N.uasset" 1031
"C:/unreal projects/BYOG_Crumble/Content/FirstPersonArms/Character/Textures/Manny/T_Manny_01_N.uexp" 1032
"C:/unreal projects/BYOG_Crumble/Content/FirstPersonArms/Character/Textures/Manny/T_Manny_01_D.ubulk" 1033
"C:/unreal projects/BYOG_Crumble/Content/FirstPersonArms/Character/Textures/Manny/T_Manny_01_D.uasset" 1034
"C:/unreal projects/BYOG_Crumble/Content/FirstPersonArms/Character/Textures/Manny/T_Manny_01_D.uexp" 1035
"C:/unreal projects/BYOG_Crumble/Content/FirstPersonArms/Character/Materials/Functions/ChromaticCurve.uasset" 1036
"C:/unreal projects/BYOG_Crumble/Content/FirstPersonArms/Character/Materials/Functions/ChromaticCurve.uexp" 1037
"C:/unreal projects/BYOG_Crumble/Content/FirstPersonArms/Character/Materials/Functions/CA_Mannequin.uasset" 1038
"C:/unreal projects/BYOG_Crumble/Content/FirstPersonArms/Character/Materials/Functions/CA_Mannequin.uexp" 1039
"C:/unreal projects/BYOG_Crumble/Content/FirstPersonArms/Character/Materials/Functions/MF_Diffraction.uasset" 1040
"C:/unreal projects/BYOG_Crumble/Content/FirstPersonArms/Character/Materials/Functions/MF_Diffraction.uexp" 1041
"../../../Engine/Content/Functions/Engine_MaterialFunctions01/Texturing/ScaleUVsByCenter.uasset" 1042
"../../../Engine/Content/Functions/Engine_MaterialFunctions01/Texturing/ScaleUVsByCenter.uexp" 1043
"C:/unreal projects/BYOG_Crumble/Content/FirstPersonArms/Character/Textures/Shared/T_UE_Logo_M.uasset" 1044
"C:/unreal projects/BYOG_Crumble/Content/FirstPersonArms/Character/Textures/Shared/T_UE_Logo_M.uexp" 1045
"C:/unreal projects/BYOG_Crumble/Content/FirstPersonArms/Character/Materials/Functions/MF_logo3layers.uasset" 1046
"C:/unreal projects/BYOG_Crumble/Content/FirstPersonArms/Character/Materials/Functions/MF_logo3layers.uexp" 1047
"C:/unreal projects/BYOG_Crumble/Content/FirstPersonArms/Character/Materials/Functions/ML_BaseColorFallOff.uasset" 1048
"C:/unreal projects/BYOG_Crumble/Content/FirstPersonArms/Character/Materials/Functions/ML_BaseColorFallOff.uexp" 1049
"C:/unreal projects/BYOG_Crumble/Content/FirstPersonArms/Character/Materials/M_Mannequin.uasset" 1050
"C:/unreal projects/BYOG_Crumble/Content/FirstPersonArms/Character/Materials/M_Mannequin.uexp" 1051
"C:/unreal projects/BYOG_Crumble/Content/FirstPersonArms/Character/Materials/Instances/Manny/MI_Manny_01.uasset" 1052
"C:/unreal projects/BYOG_Crumble/Content/FirstPersonArms/Character/Materials/Instances/Manny/MI_Manny_01.uexp" 1053
"C:/unreal projects/BYOG_Crumble/Content/FirstPersonArms/Character/Textures/Manny/T_Manny_02_CCRCCPlastic_MSK.ubulk" 1054
"C:/unreal projects/BYOG_Crumble/Content/FirstPersonArms/Character/Textures/Manny/T_Manny_02_CCRCCPlastic_MSK.uasset" 1055
"C:/unreal projects/BYOG_Crumble/Content/FirstPersonArms/Character/Textures/Manny/T_Manny_02_CCRCCPlastic_MSK.uexp" 1056
"C:/unreal projects/BYOG_Crumble/Content/FirstPersonArms/Character/Textures/Manny/T_Manny_02_MSR_MSK.ubulk" 1057
"C:/unreal projects/BYOG_Crumble/Content/FirstPersonArms/Character/Textures/Manny/T_Manny_02_MSR_MSK.uasset" 1058
"C:/unreal projects/BYOG_Crumble/Content/FirstPersonArms/Character/Textures/Manny/T_Manny_02_MSR_MSK.uexp" 1059
"C:/unreal projects/BYOG_Crumble/Content/FirstPersonArms/Character/Textures/Manny/T_Manny_02_D.ubulk" 1060
"C:/unreal projects/BYOG_Crumble/Content/FirstPersonArms/Character/Textures/Manny/T_Manny_02_D.uasset" 1061
"C:/unreal projects/BYOG_Crumble/Content/FirstPersonArms/Character/Textures/Manny/T_Manny_02_D.uexp" 1062
"C:/unreal projects/BYOG_Crumble/Content/FirstPersonArms/Character/Textures/Manny/T_Manny_02_Tan.ubulk" 1063
"C:/unreal projects/BYOG_Crumble/Content/FirstPersonArms/Character/Textures/Manny/T_Manny_02_Tan.uasset" 1064
"C:/unreal projects/BYOG_Crumble/Content/FirstPersonArms/Character/Textures/Manny/T_Manny_02_Tan.uexp" 1065
"C:/unreal projects/BYOG_Crumble/Content/FirstPersonArms/Character/Materials/Instances/Manny/MI_Manny_02.uasset" 1066
"C:/unreal projects/BYOG_Crumble/Content/FirstPersonArms/Character/Materials/Instances/Manny/MI_Manny_02.uexp" 1067
"C:/unreal projects/BYOG_Crumble/Content/FirstPersonArms/Character/Mesh/SK_Mannequin_Arms_PhysicsAsset.uasset" 1068
"C:/unreal projects/BYOG_Crumble/Content/FirstPersonArms/Character/Mesh/SK_Mannequin_Arms_PhysicsAsset.uexp" 1069
"C:/unreal projects/BYOG_Crumble/Content/FirstPersonArms/Character/Mesh/SK_Mannequin_Arms.uasset" 1070
"C:/unreal projects/BYOG_Crumble/Content/FirstPersonArms/Character/Mesh/SK_Mannequin_Arms.uexp" 1071
"C:/unreal projects/BYOG_Crumble/Content/FirstPerson/Input/Actions/IA_Move.uasset" 1072
"C:/unreal projects/BYOG_Crumble/Content/FirstPerson/Input/Actions/IA_Move.uexp" 1073
"C:/unreal projects/BYOG_Crumble/Content/FirstPerson/Input/Actions/IA_Jump.uasset" 1074
"C:/unreal projects/BYOG_Crumble/Content/FirstPerson/Input/Actions/IA_Jump.uexp" 1075
"C:/unreal projects/BYOG_Crumble/Content/FirstPerson/Blueprints/BP_FirstPersonCharacter.uasset" 1076
"C:/unreal projects/BYOG_Crumble/Content/FirstPerson/Blueprints/BP_FirstPersonCharacter.uexp" 1077
"C:/unreal projects/BYOG_Crumble/Content/FirstPersonArms/Animations/FirstPerson_AnimBP.uasset" 1078
"C:/unreal projects/BYOG_Crumble/Content/FirstPersonArms/Animations/FirstPerson_AnimBP.uexp" 1079
"C:/unreal projects/BYOG_Crumble/Content/FirstPerson/Blueprints/BP_Weapon_Component.uasset" 1080
"C:/unreal projects/BYOG_Crumble/Content/FirstPerson/Blueprints/BP_Weapon_Component.uexp" 1081
"C:/unreal projects/BYOG_Crumble/Content/FirstPerson/Blueprints/BP_Pickup_Rifle.uasset" 1082
"C:/unreal projects/BYOG_Crumble/Content/FirstPerson/Blueprints/BP_Pickup_Rifle.uexp" 1083
"../../../Engine/Plugins/Interchange/Runtime/Content/gltf/MaterialFunctions/MF_RotateV2.uasset" 1084
"../../../Engine/Plugins/Interchange/Runtime/Content/gltf/MaterialFunctions/MF_RotateV2.uexp" 1085
"../../../Engine/Plugins/Interchange/Runtime/Content/gltf/MaterialFunctions/MF_TransformUVs.uasset" 1086
"../../../Engine/Plugins/Interchange/Runtime/Content/gltf/MaterialFunctions/MF_TransformUVs.uexp" 1087
"../../../Engine/Plugins/Interchange/Runtime/Content/gltf/Textures/T_White_srgb.uasset" 1088
"../../../Engine/Plugins/Interchange/Runtime/Content/gltf/Textures/T_White_srgb.uexp" 1089
"../../../Engine/Plugins/Interchange/Runtime/Content/gltf/MaterialFunctions/MF_BaseColor.uasset" 1090
"../../../Engine/Plugins/Interchange/Runtime/Content/gltf/MaterialFunctions/MF_BaseColor.uexp" 1091
"../../../Engine/Plugins/Interchange/Runtime/Content/gltf/MaterialBodies/MF_Unlit_Body.uasset" 1092
"../../../Engine/Plugins/Interchange/Runtime/Content/gltf/MaterialBodies/MF_Unlit_Body.uexp" 1093
"../../../Engine/Plugins/Interchange/Runtime/Content/gltf/M_Unlit.uasset" 1094
"../../../Engine/Plugins/Interchange/Runtime/Content/gltf/M_Unlit.uexp" 1095
"../../../Engine/Plugins/Interchange/Runtime/Content/gltf/MaterialInstances/MI_Unlit_Opaque_DS.uasset" 1096
"../../../Engine/Plugins/Interchange/Runtime/Content/gltf/MaterialInstances/MI_Unlit_Opaque_DS.uexp" 1097
"../../../Engine/Plugins/Interchange/Runtime/Content/gltf/MaterialInstances/MI_Unlit_Opaque.uasset" 1098
"../../../Engine/Plugins/Interchange/Runtime/Content/gltf/MaterialInstances/MI_Unlit_Opaque.uexp" 1099
"../../../Engine/Plugins/Interchange/Runtime/Content/gltf/MaterialInstances/MI_Unlit_Mask_DS.uasset" 1100
"../../../Engine/Plugins/Interchange/Runtime/Content/gltf/MaterialInstances/MI_Unlit_Mask_DS.uexp" 1101
"../../../Engine/Plugins/Interchange/Runtime/Content/gltf/MaterialInstances/MI_Unlit_Mask.uasset" 1102
"../../../Engine/Plugins/Interchange/Runtime/Content/gltf/MaterialInstances/MI_Unlit_Mask.uexp" 1103
"../../../Engine/Plugins/Interchange/Runtime/Content/gltf/MaterialInstances/MI_Unlit_Blend_DS.uasset" 1104
"../../../Engine/Plugins/Interchange/Runtime/Content/gltf/MaterialInstances/MI_Unlit_Blend_DS.uexp" 1105
"../../../Engine/Plugins/Interchange/Runtime/Content/gltf/MaterialInstances/MI_Unlit_Blend.uasset" 1106
"../../../Engine/Plugins/Interchange/Runtime/Content/gltf/MaterialInstances/MI_Unlit_Blend.uexp" 1107
"../../../Engine/Plugins/Interchange/Runtime/Content/gltf/MaterialFunctions/MF_Iridescence.uasset" 1108
"../../../Engine/Plugins/Interchange/Runtime/Content/gltf/MaterialFunctions/MF_Iridescence.uexp" 1109
"../../../Engine/Plugins/Interchange/Runtime/Content/gltf/Textures/T_White_Linear.uasset" 1110
"../../../Engine/Plugins/Interchange/Runtime/Content/gltf/Textures/T_White_Linear.uexp" 1111
"../../../Engine/Plugins/Interchange/Runtime/Content/gltf/MaterialFunctions/MF_MetallicRoughness.uasset" 1112
"../../../Engine/Plugins/Interchange/Runtime/Content/gltf/MaterialFunctions/MF_MetallicRoughness.uexp" 1113
"../../../Engine/Plugins/Interchange/Runtime/Content/gltf/MaterialFunctions/MF_Transmission.uasset" 1114
"../../../Engine/Plugins/Interchange/Runtime/Content/gltf/MaterialFunctions/MF_Transmission.uexp" 1115
"../../../Engine/Plugins/Interchange/Runtime/Content/gltf/MaterialFunctions/MF_Occlusion.uasset" 1116
"../../../Engine/Plugins/Interchange/Runtime/Content/gltf/MaterialFunctions/MF_Occlusion.uexp" 1117
"../../../Engine/Plugins/Interchange/Runtime/Content/gltf/MaterialFunctions/MF_Specular.uasset" 1118
"../../../Engine/Plugins/Interchange/Runtime/Content/gltf/MaterialFunctions/MF_Specular.uexp" 1119
"../../../Engine/Plugins/Interchange/Runtime/Content/gltf/MaterialFunctions/MF_IOR.uasset" 1120
"../../../Engine/Plugins/Interchange/Runtime/Content/gltf/MaterialFunctions/MF_IOR.uexp" 1121
"../../../Engine/Plugins/Interchange/Runtime/Content/gltf/MaterialFunctions/MF_RotateNormals_TS.uasset" 1122
"../../../Engine/Plugins/Interchange/Runtime/Content/gltf/MaterialFunctions/MF_RotateNormals_TS.uexp" 1123
"../../../Engine/Plugins/Interchange/Runtime/Content/gltf/Textures/T_Generic_N.uasset" 1124
"../../../Engine/Plugins/Interchange/Runtime/Content/gltf/Textures/T_Generic_N.uexp" 1125
"../../../Engine/Plugins/Interchange/Runtime/Content/gltf/MaterialFunctions/MF_Normals.uasset" 1126
"../../../Engine/Plugins/Interchange/Runtime/Content/gltf/MaterialFunctions/MF_Normals.uexp" 1127
"../../../Engine/Plugins/Interchange/Runtime/Content/gltf/MaterialBodies/MF_Transmission_Body.uasset" 1128
"../../../Engine/Plugins/Interchange/Runtime/Content/gltf/MaterialBodies/MF_Transmission_Body.uexp" 1129
"../../../Engine/Plugins/Interchange/Runtime/Content/gltf/M_Transmission.uasset" 1130
"../../../Engine/Plugins/Interchange/Runtime/Content/gltf/M_Transmission.uexp" 1131
"../../../Engine/Plugins/Interchange/Runtime/Content/gltf/MaterialInstances/MI_Transmission_DS.uasset" 1132
"../../../Engine/Plugins/Interchange/Runtime/Content/gltf/MaterialInstances/MI_Transmission_DS.uexp" 1133
"../../../Engine/Plugins/Interchange/Runtime/Content/gltf/MaterialInstances/MI_Transmission.uasset" 1134
"../../../Engine/Plugins/Interchange/Runtime/Content/gltf/MaterialInstances/MI_Transmission.uexp" 1135
"../../../Engine/Plugins/Interchange/Runtime/Content/gltf/MaterialFunctions/MF_DiffuseSpecGloss.uasset" 1136
"../../../Engine/Plugins/Interchange/Runtime/Content/gltf/MaterialFunctions/MF_DiffuseSpecGloss.uexp" 1137
"../../../Engine/Content/Functions/Engine_MaterialFunctions02/Math/AddComponents.uasset" 1138
"../../../Engine/Content/Functions/Engine_MaterialFunctions02/Math/AddComponents.uexp" 1139
"../../../Engine/Plugins/Interchange/Runtime/Content/gltf/MaterialFunctions/MF_PerceivedBrightness.uasset" 1140
"../../../Engine/Plugins/Interchange/Runtime/Content/gltf/MaterialFunctions/MF_PerceivedBrightness.uexp" 1141
"../../../Engine/Plugins/Interchange/Runtime/Content/gltf/MaterialFunctions/MF_Emissive.uasset" 1142
"../../../Engine/Plugins/Interchange/Runtime/Content/gltf/MaterialFunctions/MF_Emissive.uexp" 1143
"../../../Engine/Plugins/Interchange/Runtime/Content/gltf/MaterialFunctions/MF_SpecGlossToMetalRoughness.uasset" 1144
"../../../Engine/Plugins/Interchange/Runtime/Content/gltf/MaterialFunctions/MF_SpecGlossToMetalRoughness.uexp" 1145
"../../../Engine/Plugins/Interchange/Runtime/Content/gltf/MaterialBodies/MF_SpecularGlossiness_Body.uasset" 1146
"../../../Engine/Plugins/Interchange/Runtime/Content/gltf/MaterialBodies/MF_SpecularGlossiness_Body.uexp" 1147
"../../../Engine/Plugins/Interchange/Runtime/Content/gltf/M_SpecularGlossiness.uasset" 1148
"../../../Engine/Plugins/Interchange/Runtime/Content/gltf/M_SpecularGlossiness.uexp" 1149
"../../../Engine/Plugins/Interchange/Runtime/Content/gltf/MaterialInstances/MI_SpecularGlossiness_Opaque_DS.uasset" 1150
"../../../Engine/Plugins/Interchange/Runtime/Content/gltf/MaterialInstances/MI_SpecularGlossiness_Opaque_DS.uexp" 1151
"../../../Engine/Plugins/Interchange/Runtime/Content/gltf/MaterialInstances/MI_SpecularGlossiness_Opaque.uasset" 1152
"../../../Engine/Plugins/Interchange/Runtime/Content/gltf/MaterialInstances/MI_SpecularGlossiness_Opaque.uexp" 1153
"../../../Engine/Plugins/Interchange/Runtime/Content/gltf/MaterialInstances/MI_SpecularGlossiness_Mask_DS.uasset" 1154
"../../../Engine/Plugins/Interchange/Runtime/Content/gltf/MaterialInstances/MI_SpecularGlossiness_Mask_DS.uexp" 1155
"../../../Engine/Plugins/Interchange/Runtime/Content/gltf/MaterialInstances/MI_SpecularGlossiness_Mask.uasset" 1156
"../../../Engine/Plugins/Interchange/Runtime/Content/gltf/MaterialInstances/MI_SpecularGlossiness_Mask.uexp" 1157
"../../../Engine/Plugins/Interchange/Runtime/Content/gltf/MaterialInstances/MI_SpecularGlossiness_Blend_DS.uasset" 1158
"../../../Engine/Plugins/Interchange/Runtime/Content/gltf/MaterialInstances/MI_SpecularGlossiness_Blend_DS.uexp" 1159
"../../../Engine/Plugins/Interchange/Runtime/Content/gltf/MaterialInstances/MI_SpecularGlossiness_Blend.uasset" 1160
"../../../Engine/Plugins/Interchange/Runtime/Content/gltf/MaterialInstances/MI_SpecularGlossiness_Blend.uexp" 1161
"../../../Engine/Plugins/Interchange/Runtime/Content/gltf/MaterialFunctions/MF_Sheen.uasset" 1162
"../../../Engine/Plugins/Interchange/Runtime/Content/gltf/MaterialFunctions/MF_Sheen.uexp" 1163
"../../../Engine/Plugins/Interchange/Runtime/Content/gltf/MaterialBodies/MF_Sheen_Body.uasset" 1164
"../../../Engine/Plugins/Interchange/Runtime/Content/gltf/MaterialBodies/MF_Sheen_Body.uexp" 1165
"../../../Engine/Plugins/Interchange/Runtime/Content/gltf/M_Sheen.uasset" 1166
"../../../Engine/Plugins/Interchange/Runtime/Content/gltf/M_Sheen.uexp" 1167
"../../../Engine/Plugins/Interchange/Runtime/Content/gltf/MaterialInstances/MI_Sheen_Opaque_DS.uasset" 1168
"../../../Engine/Plugins/Interchange/Runtime/Content/gltf/MaterialInstances/MI_Sheen_Opaque_DS.uexp" 1169
"../../../Engine/Plugins/Interchange/Runtime/Content/gltf/MaterialInstances/MI_Sheen_Opaque.uasset" 1170
"../../../Engine/Plugins/Interchange/Runtime/Content/gltf/MaterialInstances/MI_Sheen_Opaque.uexp" 1171
"../../../Engine/Plugins/Interchange/Runtime/Content/gltf/MaterialInstances/MI_Sheen_Mask_DS.uasset" 1172
"../../../Engine/Plugins/Interchange/Runtime/Content/gltf/MaterialInstances/MI_Sheen_Mask_DS.uexp" 1173
"../../../Engine/Plugins/Interchange/Runtime/Content/gltf/MaterialInstances/MI_Sheen_Mask.uasset" 1174
"../../../Engine/Plugins/Interchange/Runtime/Content/gltf/MaterialInstances/MI_Sheen_Mask.uexp" 1175
"../../../Engine/Plugins/Interchange/Runtime/Content/gltf/MaterialInstances/MI_Sheen_Blend_DS.uasset" 1176
"../../../Engine/Plugins/Interchange/Runtime/Content/gltf/MaterialInstances/MI_Sheen_Blend_DS.uexp" 1177
"../../../Engine/Plugins/Interchange/Runtime/Content/gltf/MaterialInstances/MI_Sheen_Blend.uasset" 1178
"../../../Engine/Plugins/Interchange/Runtime/Content/gltf/MaterialInstances/MI_Sheen_Blend.uexp" 1179
"../../../Engine/Plugins/Interchange/Runtime/Content/gltf/MaterialBodies/MF_Default_Body.uasset" 1180
"../../../Engine/Plugins/Interchange/Runtime/Content/gltf/MaterialBodies/MF_Default_Body.uexp" 1181
"../../../Engine/Plugins/Interchange/Runtime/Content/gltf/M_Default.uasset" 1182
"../../../Engine/Plugins/Interchange/Runtime/Content/gltf/M_Default.uexp" 1183
"../../../Engine/Plugins/Interchange/Runtime/Content/gltf/MaterialInstances/MI_Default_Opaque_DS.uasset" 1184
"../../../Engine/Plugins/Interchange/Runtime/Content/gltf/MaterialInstances/MI_Default_Opaque_DS.uexp" 1185
"../../../Engine/Plugins/Interchange/Runtime/Content/gltf/MaterialInstances/MI_Default_Opaque.uasset" 1186
"../../../Engine/Plugins/Interchange/Runtime/Content/gltf/MaterialInstances/MI_Default_Opaque.uexp" 1187
"../../../Engine/Plugins/Interchange/Runtime/Content/gltf/MaterialInstances/MI_Default_Mask_DS.uasset" 1188
"../../../Engine/Plugins/Interchange/Runtime/Content/gltf/MaterialInstances/MI_Default_Mask_DS.uexp" 1189
"../../../Engine/Plugins/Interchange/Runtime/Content/gltf/MaterialInstances/MI_Default_Mask.uasset" 1190
"../../../Engine/Plugins/Interchange/Runtime/Content/gltf/MaterialInstances/MI_Default_Mask.uexp" 1191
"../../../Engine/Plugins/Interchange/Runtime/Content/gltf/MaterialInstances/MI_Default_Blend_DS.uasset" 1192
"../../../Engine/Plugins/Interchange/Runtime/Content/gltf/MaterialInstances/MI_Default_Blend_DS.uexp" 1193
"../../../Engine/Plugins/Interchange/Runtime/Content/gltf/MaterialInstances/MI_Default_Blend.uasset" 1194
"../../../Engine/Plugins/Interchange/Runtime/Content/gltf/MaterialInstances/MI_Default_Blend.uexp" 1195
"../../../Engine/Content/Functions/Engine_MaterialFunctions01/Texturing/FlattenNormal.uasset" 1196
"../../../Engine/Content/Functions/Engine_MaterialFunctions01/Texturing/FlattenNormal.uexp" 1197
"../../../Engine/Plugins/Interchange/Runtime/Content/gltf/MaterialFunctions/MF_Clearcoat.uasset" 1198
"../../../Engine/Plugins/Interchange/Runtime/Content/gltf/MaterialFunctions/MF_Clearcoat.uexp" 1199
"../../../Engine/Plugins/Interchange/Runtime/Content/gltf/MaterialBodies/MF_ClearCoat_Body.uasset" 1200
"../../../Engine/Plugins/Interchange/Runtime/Content/gltf/MaterialBodies/MF_ClearCoat_Body.uexp" 1201
"../../../Engine/Plugins/Interchange/Runtime/Content/gltf/M_ClearCoat.uasset" 1202
"../../../Engine/Plugins/Interchange/Runtime/Content/gltf/M_ClearCoat.uexp" 1203
"../../../Engine/Plugins/Interchange/Runtime/Content/gltf/MaterialInstances/MI_ClearCoat_Opaque_DS.uasset" 1204
"../../../Engine/Plugins/Interchange/Runtime/Content/gltf/MaterialInstances/MI_ClearCoat_Opaque_DS.uexp" 1205
"../../../Engine/Plugins/Interchange/Runtime/Content/gltf/MaterialInstances/MI_ClearCoat_Opaque.uasset" 1206
"../../../Engine/Plugins/Interchange/Runtime/Content/gltf/MaterialInstances/MI_ClearCoat_Opaque.uexp" 1207
"../../../Engine/Plugins/Interchange/Runtime/Content/gltf/MaterialInstances/MI_ClearCoat_Mask_DS.uasset" 1208
"../../../Engine/Plugins/Interchange/Runtime/Content/gltf/MaterialInstances/MI_ClearCoat_Mask_DS.uexp" 1209
"../../../Engine/Plugins/Interchange/Runtime/Content/gltf/MaterialInstances/MI_ClearCoat_Mask.uasset" 1210
"../../../Engine/Plugins/Interchange/Runtime/Content/gltf/MaterialInstances/MI_ClearCoat_Mask.uexp" 1211
"../../../Engine/Plugins/Interchange/Runtime/Content/gltf/MaterialInstances/MI_ClearCoat_Blend_DS.uasset" 1212
"../../../Engine/Plugins/Interchange/Runtime/Content/gltf/MaterialInstances/MI_ClearCoat_Blend_DS.uexp" 1213
"../../../Engine/Plugins/Interchange/Runtime/Content/gltf/MaterialInstances/MI_ClearCoat_Blend.uasset" 1214
"../../../Engine/Plugins/Interchange/Runtime/Content/gltf/MaterialInstances/MI_ClearCoat_Blend.uexp" 1215
"../../../Engine/Content/EngineSky/VolumetricClouds/CloudWeatherTexture.uasset" 1216
"../../../Engine/Content/EngineSky/VolumetricClouds/CloudWeatherTexture.uexp" 1217
"../../../Engine/Content/Functions/Engine_MaterialFunctions02/Utility/MakeFloat2.uasset" 1218
"../../../Engine/Content/Functions/Engine_MaterialFunctions02/Utility/MakeFloat2.uexp" 1219
"../../../Engine/Content/EngineSky/VolumetricClouds/CloudGradientTexture.uasset" 1220
"../../../Engine/Content/EngineSky/VolumetricClouds/CloudGradientTexture.uexp" 1221
"../../../Engine/Content/EngineSky/VolumetricClouds/T_NoiseShape64.ubulk" 1222
"../../../Engine/Content/EngineSky/VolumetricClouds/T_NoiseShape64.uasset" 1223
"../../../Engine/Content/EngineSky/VolumetricClouds/T_NoiseShape64.uexp" 1224
"../../../Engine/Content/EngineSky/VolumetricClouds/T_VolumeNoiseShape64.uasset" 1225
"../../../Engine/Content/EngineSky/VolumetricClouds/T_VolumeNoiseShape64.uexp" 1226
"../../../Engine/Content/EngineSky/VolumetricClouds/T_NoiseErosion.ubulk" 1227
"../../../Engine/Content/EngineSky/VolumetricClouds/T_NoiseErosion.uasset" 1228
"../../../Engine/Content/EngineSky/VolumetricClouds/T_NoiseErosion.uexp" 1229
"../../../Engine/Content/EngineSky/VolumetricClouds/T_VolumeNoiseErosion32.uasset" 1230
"../../../Engine/Content/EngineSky/VolumetricClouds/T_VolumeNoiseErosion32.uexp" 1231
"../../../Engine/Content/EngineSky/VolumetricClouds/m_SimpleVolumetricCloud.uasset" 1232
"../../../Engine/Content/EngineSky/VolumetricClouds/m_SimpleVolumetricCloud.uexp" 1233
"../../../Engine/Content/EngineSky/VolumetricClouds/m_SimpleVolumetricCloud_Inst.uasset" 1234
"../../../Engine/Content/EngineSky/VolumetricClouds/m_SimpleVolumetricCloud_Inst.uexp" 1235
"../../../Engine/Content/EngineResources/FilmGrains/Marcie_Grain_v3_128_M2_000.uasset" 1236
"../../../Engine/Content/EngineResources/FilmGrains/Marcie_Grain_v3_128_M2_000.uexp" 1237
"../../../Engine/Content/EditorResources/SequenceRecorder/RecordingIndicator.uasset" 1238
"../../../Engine/Content/EditorResources/SequenceRecorder/RecordingIndicator.uexp" 1239
"../../../Engine/Content/EditorResources/SequenceRecorder/Countdown.uasset" 1240
"../../../Engine/Content/EditorResources/SequenceRecorder/Countdown.uexp" 1241
"../../../Engine/Content/EditorMaterials/Dataflow/DataflowVertexMaterial.uasset" 1242
"../../../Engine/Content/EditorMaterials/Dataflow/DataflowVertexMaterial.uexp" 1243
"C:/unreal projects/BYOG_Crumble/Content/FPWeapon/Materials/MaterialLayers/T_ML_FineRubber.ubulk" 1244
"C:/unreal projects/BYOG_Crumble/Content/FPWeapon/Materials/MaterialLayers/T_ML_FineRubber.uasset" 1245
"C:/unreal projects/BYOG_Crumble/Content/FPWeapon/Materials/MaterialLayers/T_ML_FineRubber.uexp" 1246
"../../../Engine/Content/Functions/Engine_MaterialFunctions01/Shading/PowerToRoughness.uasset" 1247
"../../../Engine/Content/Functions/Engine_MaterialFunctions01/Shading/PowerToRoughness.uexp" 1248
"../../../Engine/Content/Functions/Engine_MaterialFunctions01/Shading/ConvertFromDiffSpec.uasset" 1249
"../../../Engine/Content/Functions/Engine_MaterialFunctions01/Shading/ConvertFromDiffSpec.uexp" 1250
"../../../Engine/Content/EngineMaterials/Substrate/Volume/SubstrateSimpleVolumeLUT3D.uasset" 1251
"../../../Engine/Content/EngineMaterials/Substrate/Volume/SubstrateSimpleVolumeLUT3D.uexp" 1252
"../../../Engine/Content/EngineMaterials/Substrate/Volume/SubstrateSimpleVolumeEnvLUT3D.uasset" 1253
"../../../Engine/Content/EngineMaterials/Substrate/Volume/SubstrateSimpleVolumeEnvLUT3D.uexp" 1254
"../../../Engine/Content/EngineMaterials/Substrate/GLints2/AGlintTex2dArray2.uasset" 1255
"../../../Engine/Content/EngineMaterials/Substrate/GLints2/AGlintTex2dArray2.uexp" 1256
"../../../Engine/Content/EngineMaterials/Substrate/GLints/AGlintTex2dArray.uasset" 1257
"../../../Engine/Content/EngineMaterials/Substrate/GLints/AGlintTex2dArray.uexp" 1258
"C:/unreal projects/BYOG_Crumble/Content/_Crumble/Blueprints/BP_DecayGlassPlatform.uasset" 1259
"C:/unreal projects/BYOG_Crumble/Content/_Crumble/Blueprints/BP_DecayGlassPlatform.uexp" 1260
"C:/unreal projects/BYOG_Crumble/Content/_Crumble/Blueprints/BP_MovingDecayPlatform.uasset" 1261
"C:/unreal projects/BYOG_Crumble/Content/_Crumble/Blueprints/BP_MovingDecayPlatform.uexp" 1262
"C:/unreal projects/BYOG_Crumble/Content/_Crumble/Blueprints/BP_MovingGlassDecayPlatform.uasset" 1263
"C:/unreal projects/BYOG_Crumble/Content/_Crumble/Blueprints/BP_MovingGlassDecayPlatform.uexp" 1264
"C:/unreal projects/BYOG_Crumble/Content/LevelPrototyping/Meshes/SM_Cube.ubulk" 1265
"C:/unreal projects/BYOG_Crumble/Content/LevelPrototyping/Meshes/SM_Cube.uasset" 1266
"C:/unreal projects/BYOG_Crumble/Content/LevelPrototyping/Meshes/SM_Cube.uexp" 1267
"C:/unreal projects/BYOG_Crumble/Content/_Crumble/Blueprints/BP_Base.uasset" 1268
"C:/unreal projects/BYOG_Crumble/Content/_Crumble/Blueprints/BP_Base.uexp" 1269
"C:/unreal projects/BYOG_Crumble/Content/_Crumble/Blueprints/BP_KillZone.uasset" 1270
"C:/unreal projects/BYOG_Crumble/Content/_Crumble/Blueprints/BP_KillZone.uexp" 1271
"../../../Engine/Content/EngineSky/T_Sky_Stars.ubulk" 1272
"../../../Engine/Content/EngineSky/T_Sky_Stars.uasset" 1273
"../../../Engine/Content/EngineSky/T_Sky_Stars.uexp" 1274
"../../../Engine/Content/EngineSky/T_Sky_Clouds_M.ubulk" 1275
"../../../Engine/Content/EngineSky/T_Sky_Clouds_M.uasset" 1276
"../../../Engine/Content/EngineSky/T_Sky_Clouds_M.uexp" 1277
"../../../Engine/Content/EngineSky/T_Sky_Blue.ubulk" 1278
"../../../Engine/Content/EngineSky/T_Sky_Blue.uasset" 1279
"../../../Engine/Content/EngineSky/T_Sky_Blue.uexp" 1280
"../../../Engine/Content/EngineSky/M_Sky_Panning_Clouds2.uasset" 1281
"../../../Engine/Content/EngineSky/M_Sky_Panning_Clouds2.uexp" 1282
"../../../Engine/Content/EngineSky/SM_SkySphere.ubulk" 1283
"../../../Engine/Content/EngineSky/SM_SkySphere.uasset" 1284
"../../../Engine/Content/EngineSky/SM_SkySphere.uexp" 1285
"../../../Engine/Content/EngineSky/M_SimpleSkyDome.uasset" 1286
"../../../Engine/Content/EngineSky/M_SimpleSkyDome.uexp" 1287
"C:/unreal projects/BYOG_Crumble/Content/LevelPrototyping/Meshes/SM_QuarterCylinder.ubulk" 1288
"C:/unreal projects/BYOG_Crumble/Content/LevelPrototyping/Meshes/SM_QuarterCylinder.uasset" 1289
"C:/unreal projects/BYOG_Crumble/Content/LevelPrototyping/Meshes/SM_QuarterCylinder.uexp" 1290
"C:/unreal projects/BYOG_Crumble/Content/LevelPrototyping/Materials/MI_PrototypeGrid_TopDark.uasset" 1291
"C:/unreal projects/BYOG_Crumble/Content/LevelPrototyping/Materials/MI_PrototypeGrid_TopDark.uexp" 1292
"C:/unreal projects/BYOG_Crumble/Content/LevelPrototyping/Meshes/SM_Ramp.ubulk" 1293
"C:/unreal projects/BYOG_Crumble/Content/LevelPrototyping/Meshes/SM_Ramp.uasset" 1294
"C:/unreal projects/BYOG_Crumble/Content/LevelPrototyping/Meshes/SM_Ramp.uexp" 1295
"../../../Engine/Content/Maps/Entry_BuiltData.uasset" 1296
"../../../Engine/Content/Maps/Entry_BuiltData.uexp" 1297
"../../../Engine/Content/Maps/Entry.uexp" 1298
"../../../Engine/Content/Maps/Entry.umap" 1299
"C:/unreal projects/BYOG_Crumble/Content/_Crumble/Maps/MainMenu.uexp" 1300
"C:/unreal projects/BYOG_Crumble/Content/_Crumble/Maps/MainMenu.umap" 1301
"C:/unreal projects/BYOG_Crumble/Content/_Crumble/Maps/Base.uexp" 1302
"C:/unreal projects/BYOG_Crumble/Content/_Crumble/Maps/Base.umap" 1303
"C:/unreal projects/BYOG_Crumble/Content/FirstPerson/Input/IMC_Default.uasset" 1304
"C:/unreal projects/BYOG_Crumble/Content/FirstPerson/Input/IMC_Default.uexp" 1305
"C:/unreal projects/BYOG_Crumble/Content/FirstPerson/Blueprints/BP_FirstPersonPlayerController.uasset" 1306
"C:/unreal projects/BYOG_Crumble/Content/FirstPerson/Blueprints/BP_FirstPersonPlayerController.uexp" 1307
"C:/unreal projects/BYOG_Crumble/Content/FirstPerson/Blueprints/BP_FirstPersonGameMode.uasset" 1308
"C:/unreal projects/BYOG_Crumble/Content/FirstPerson/Blueprints/BP_FirstPersonGameMode.uexp" 1309
"C:/unreal projects/BYOG_Crumble/Content/_Crumble/Maps/Level1.uexp" 1310
"C:/unreal projects/BYOG_Crumble/Content/_Crumble/Maps/Level1.umap" 1311
"C:/unreal projects/BYOG_Crumble/Content/StarterContent/Textures/T_Frame_M.ubulk" 1312
"C:/unreal projects/BYOG_Crumble/Content/StarterContent/Textures/T_Frame_M.uasset" 1313
"C:/unreal projects/BYOG_Crumble/Content/StarterContent/Textures/T_Frame_M.uexp" 1314
"C:/unreal projects/BYOG_Crumble/Content/StarterContent/Textures/T_Frame_N.ubulk" 1315
"C:/unreal projects/BYOG_Crumble/Content/StarterContent/Textures/T_Frame_N.uasset" 1316
"C:/unreal projects/BYOG_Crumble/Content/StarterContent/Textures/T_Frame_N.uexp" 1317
"C:/unreal projects/BYOG_Crumble/Content/StarterContent/Props/Materials/M_Frame.uasset" 1318
"C:/unreal projects/BYOG_Crumble/Content/StarterContent/Props/Materials/M_Frame.uexp" 1319
"C:/unreal projects/BYOG_Crumble/Content/StarterContent/Props/SM_DoorFrame.ubulk" 1320
"C:/unreal projects/BYOG_Crumble/Content/StarterContent/Props/SM_DoorFrame.uasset" 1321
"C:/unreal projects/BYOG_Crumble/Content/StarterContent/Props/SM_DoorFrame.uexp" 1322
"C:/unreal projects/BYOG_Crumble/Content/StarterContent/Textures/T_MacroVariation.uasset" 1323
"C:/unreal projects/BYOG_Crumble/Content/StarterContent/Textures/T_MacroVariation.uexp" 1324
"C:/unreal projects/BYOG_Crumble/Content/StarterContent/Materials/M_Metal_Brushed_Nickel.uasset" 1325
"C:/unreal projects/BYOG_Crumble/Content/StarterContent/Materials/M_Metal_Brushed_Nickel.uexp" 1326
"C:/unreal projects/BYOG_Crumble/Content/StarterContent/Textures/T_Lamp_N.ubulk" 1327
"C:/unreal projects/BYOG_Crumble/Content/StarterContent/Textures/T_Lamp_N.uasset" 1328
"C:/unreal projects/BYOG_Crumble/Content/StarterContent/Textures/T_Lamp_N.uexp" 1329
"C:/unreal projects/BYOG_Crumble/Content/StarterContent/Textures/T_Lamp_M.ubulk" 1330
"C:/unreal projects/BYOG_Crumble/Content/StarterContent/Textures/T_Lamp_M.uasset" 1331
"C:/unreal projects/BYOG_Crumble/Content/StarterContent/Textures/T_Lamp_M.uexp" 1332
"C:/unreal projects/BYOG_Crumble/Content/StarterContent/Props/Materials/M_Lamp.uasset" 1333
"C:/unreal projects/BYOG_Crumble/Content/StarterContent/Props/Materials/M_Lamp.uexp" 1334
"C:/unreal projects/BYOG_Crumble/Content/StarterContent/Props/SM_Lamp_Ceiling.ubulk" 1335
"C:/unreal projects/BYOG_Crumble/Content/StarterContent/Props/SM_Lamp_Ceiling.uasset" 1336
"C:/unreal projects/BYOG_Crumble/Content/StarterContent/Props/SM_Lamp_Ceiling.uexp" 1337
"C:/unreal projects/BYOG_Crumble/Content/StarterContent/Blueprints/Blueprint_CeilingLight.uasset" 1338
"C:/unreal projects/BYOG_Crumble/Content/StarterContent/Blueprints/Blueprint_CeilingLight.uexp" 1339
"../../../Engine/Content/Functions/Engine_MaterialFunctions03/Procedurals/ComputeFilterWidth.uasset" 1340
"../../../Engine/Content/Functions/Engine_MaterialFunctions03/Procedurals/ComputeFilterWidth.uexp" 1341
"../../../Engine/Content/EngineMaterials/AntiAliasedTextMaterialTranslucent.uasset" 1342
"../../../Engine/Content/EngineMaterials/AntiAliasedTextMaterialTranslucent.uexp" 1343
"C:/unreal projects/BYOG_Crumble/Content/StarterContent/Architecture/Wall_Door_400x300.ubulk" 1344
"C:/unreal projects/BYOG_Crumble/Content/StarterContent/Architecture/Wall_Door_400x300.uasset" 1345
"C:/unreal projects/BYOG_Crumble/Content/StarterContent/Architecture/Wall_Door_400x300.uexp" 1346
"C:/unreal projects/BYOG_Crumble/Content/StarterContent/Textures/T_Wood_Pine_D.ubulk" 1347
"C:/unreal projects/BYOG_Crumble/Content/StarterContent/Textures/T_Wood_Pine_D.uasset" 1348
"C:/unreal projects/BYOG_Crumble/Content/StarterContent/Textures/T_Wood_Pine_D.uexp" 1349
"C:/unreal projects/BYOG_Crumble/Content/StarterContent/Textures/T_Wood_Pine_N.ubulk" 1350
"C:/unreal projects/BYOG_Crumble/Content/StarterContent/Textures/T_Wood_Pine_N.uasset" 1351
"C:/unreal projects/BYOG_Crumble/Content/StarterContent/Textures/T_Wood_Pine_N.uexp" 1352
"C:/unreal projects/BYOG_Crumble/Content/StarterContent/Textures/T_Perlin_Noise_M.ubulk" 1353
"C:/unreal projects/BYOG_Crumble/Content/StarterContent/Textures/T_Perlin_Noise_M.uasset" 1354
"C:/unreal projects/BYOG_Crumble/Content/StarterContent/Textures/T_Perlin_Noise_M.uexp" 1355
"C:/unreal projects/BYOG_Crumble/Content/StarterContent/Materials/M_Wood_Pine.uasset" 1356
"C:/unreal projects/BYOG_Crumble/Content/StarterContent/Materials/M_Wood_Pine.uexp" 1357
"C:/unreal projects/BYOG_Crumble/Content/StarterContent/Textures/T_Rock_Smooth_Granite_D.ubulk" 1358
"C:/unreal projects/BYOG_Crumble/Content/StarterContent/Textures/T_Rock_Smooth_Granite_D.uasset" 1359
"C:/unreal projects/BYOG_Crumble/Content/StarterContent/Textures/T_Rock_Smooth_Granite_D.uexp" 1360
"C:/unreal projects/BYOG_Crumble/Content/StarterContent/Textures/T_CobbleStone_Smooth_D.ubulk" 1361
"C:/unreal projects/BYOG_Crumble/Content/StarterContent/Textures/T_CobbleStone_Smooth_D.uasset" 1362
"C:/unreal projects/BYOG_Crumble/Content/StarterContent/Textures/T_CobbleStone_Smooth_D.uexp" 1363
"C:/unreal projects/BYOG_Crumble/Content/StarterContent/Textures/T_Gradinet_01.ubulk" 1364
"C:/unreal projects/BYOG_Crumble/Content/StarterContent/Textures/T_Gradinet_01.uasset" 1365
"C:/unreal projects/BYOG_Crumble/Content/StarterContent/Textures/T_Gradinet_01.uexp" 1366
"C:/unreal projects/BYOG_Crumble/Content/StarterContent/Textures/T_CobbleStone_Smooth_M.ubulk" 1367
"C:/unreal projects/BYOG_Crumble/Content/StarterContent/Textures/T_CobbleStone_Smooth_M.uasset" 1368
"C:/unreal projects/BYOG_Crumble/Content/StarterContent/Textures/T_CobbleStone_Smooth_M.uexp" 1369
"C:/unreal projects/BYOG_Crumble/Content/StarterContent/Textures/T_CobbleStone_Smooth_N.ubulk" 1370
"C:/unreal projects/BYOG_Crumble/Content/StarterContent/Textures/T_CobbleStone_Smooth_N.uasset" 1371
"C:/unreal projects/BYOG_Crumble/Content/StarterContent/Textures/T_CobbleStone_Smooth_N.uexp" 1372
"C:/unreal projects/BYOG_Crumble/Content/StarterContent/Materials/M_CobbleStone_Smooth.uasset" 1373
"C:/unreal projects/BYOG_Crumble/Content/StarterContent/Materials/M_CobbleStone_Smooth.uexp" 1374
"C:/unreal projects/BYOG_Crumble/Content/StarterContent/Textures/T_Rock_Basalt_N.ubulk" 1375
"C:/unreal projects/BYOG_Crumble/Content/StarterContent/Textures/T_Rock_Basalt_N.uasset" 1376
"C:/unreal projects/BYOG_Crumble/Content/StarterContent/Textures/T_Rock_Basalt_N.uexp" 1377
"C:/unreal projects/BYOG_Crumble/Content/StarterContent/Materials/M_Rock_Basalt.uasset" 1378
"C:/unreal projects/BYOG_Crumble/Content/StarterContent/Materials/M_Rock_Basalt.uexp" 1379
"C:/unreal projects/BYOG_Crumble/Content/StarterContent/Shapes/Shape_Cube.ubulk" 1380
"C:/unreal projects/BYOG_Crumble/Content/StarterContent/Shapes/Shape_Cube.uasset" 1381
"C:/unreal projects/BYOG_Crumble/Content/StarterContent/Shapes/Shape_Cube.uexp" 1382
"C:/unreal projects/BYOG_Crumble/Content/StarterContent/Textures/T_Concrete_Tiles_Variation_M.ubulk" 1383
"C:/unreal projects/BYOG_Crumble/Content/StarterContent/Textures/T_Concrete_Tiles_Variation_M.uasset" 1384
"C:/unreal projects/BYOG_Crumble/Content/StarterContent/Textures/T_Concrete_Tiles_Variation_M.uexp" 1385
"C:/unreal projects/BYOG_Crumble/Content/StarterContent/Textures/T_Concrete_Tiles_D.ubulk" 1386
"C:/unreal projects/BYOG_Crumble/Content/StarterContent/Textures/T_Concrete_Tiles_D.uasset" 1387
"C:/unreal projects/BYOG_Crumble/Content/StarterContent/Textures/T_Concrete_Tiles_D.uexp" 1388
"C:/unreal projects/BYOG_Crumble/Content/StarterContent/Textures/T_Concrete_Tiles_M.ubulk" 1389
"C:/unreal projects/BYOG_Crumble/Content/StarterContent/Textures/T_Concrete_Tiles_M.uasset" 1390
"C:/unreal projects/BYOG_Crumble/Content/StarterContent/Textures/T_Concrete_Tiles_M.uexp" 1391
"C:/unreal projects/BYOG_Crumble/Content/StarterContent/Textures/T_Concrete_Tiles_N.ubulk" 1392
"C:/unreal projects/BYOG_Crumble/Content/StarterContent/Textures/T_Concrete_Tiles_N.uasset" 1393
"C:/unreal projects/BYOG_Crumble/Content/StarterContent/Textures/T_Concrete_Tiles_N.uexp" 1394
"C:/unreal projects/BYOG_Crumble/Content/StarterContent/Materials/M_Concrete_Tiles.uasset" 1395
"C:/unreal projects/BYOG_Crumble/Content/StarterContent/Materials/M_Concrete_Tiles.uexp" 1396
"C:/unreal projects/BYOG_Crumble/Content/StarterContent/Props/MaterialSphere.ubulk" 1397
"C:/unreal projects/BYOG_Crumble/Content/StarterContent/Props/MaterialSphere.uasset" 1398
"C:/unreal projects/BYOG_Crumble/Content/StarterContent/Props/MaterialSphere.uexp" 1399
"C:/unreal projects/BYOG_Crumble/Content/StarterContent/Textures/T_Metal_Rust_N.ubulk" 1400
"C:/unreal projects/BYOG_Crumble/Content/StarterContent/Textures/T_Metal_Rust_N.uasset" 1401
"C:/unreal projects/BYOG_Crumble/Content/StarterContent/Textures/T_Metal_Rust_N.uexp" 1402
"C:/unreal projects/BYOG_Crumble/Content/StarterContent/Textures/T_Metal_Rust_D.ubulk" 1403
"C:/unreal projects/BYOG_Crumble/Content/StarterContent/Textures/T_Metal_Rust_D.uasset" 1404
"C:/unreal projects/BYOG_Crumble/Content/StarterContent/Textures/T_Metal_Rust_D.uexp" 1405
"C:/unreal projects/BYOG_Crumble/Content/StarterContent/Materials/M_Metal_Rust.uasset" 1406
"C:/unreal projects/BYOG_Crumble/Content/StarterContent/Materials/M_Metal_Rust.uexp" 1407
"C:/unreal projects/BYOG_Crumble/Content/StarterContent/Textures/T_Rock_Slate_D.ubulk" 1408
"C:/unreal projects/BYOG_Crumble/Content/StarterContent/Textures/T_Rock_Slate_D.uasset" 1409
"C:/unreal projects/BYOG_Crumble/Content/StarterContent/Textures/T_Rock_Slate_D.uexp" 1410
"C:/unreal projects/BYOG_Crumble/Content/StarterContent/Textures/T_Rock_Slate_N.ubulk" 1411
"C:/unreal projects/BYOG_Crumble/Content/StarterContent/Textures/T_Rock_Slate_N.uasset" 1412
"C:/unreal projects/BYOG_Crumble/Content/StarterContent/Textures/T_Rock_Slate_N.uexp" 1413
"C:/unreal projects/BYOG_Crumble/Content/StarterContent/Materials/M_Rock_Slate.uasset" 1414
"C:/unreal projects/BYOG_Crumble/Content/StarterContent/Materials/M_Rock_Slate.uexp" 1415
"C:/unreal projects/BYOG_Crumble/Content/StarterContent/Textures/T_Concrete_Poured_D.ubulk" 1416
"C:/unreal projects/BYOG_Crumble/Content/StarterContent/Textures/T_Concrete_Poured_D.uasset" 1417
"C:/unreal projects/BYOG_Crumble/Content/StarterContent/Textures/T_Concrete_Poured_D.uexp" 1418
"C:/unreal projects/BYOG_Crumble/Content/StarterContent/Textures/T_Concrete_Poured_N.ubulk" 1419
"C:/unreal projects/BYOG_Crumble/Content/StarterContent/Textures/T_Concrete_Poured_N.uasset" 1420
"C:/unreal projects/BYOG_Crumble/Content/StarterContent/Textures/T_Concrete_Poured_N.uexp" 1421
"C:/unreal projects/BYOG_Crumble/Content/StarterContent/Materials/M_Concrete_Poured.uasset" 1422
"C:/unreal projects/BYOG_Crumble/Content/StarterContent/Materials/M_Concrete_Poured.uexp" 1423
"C:/unreal projects/BYOG_Crumble/Content/StarterContent/Textures/T_Brick_Clay_Beveled_M.ubulk" 1424
"C:/unreal projects/BYOG_Crumble/Content/StarterContent/Textures/T_Brick_Clay_Beveled_M.uasset" 1425
"C:/unreal projects/BYOG_Crumble/Content/StarterContent/Textures/T_Brick_Clay_Beveled_M.uexp" 1426
"C:/unreal projects/BYOG_Crumble/Content/StarterContent/Textures/T_Brick_Clay_Beveled_N.ubulk" 1427
"C:/unreal projects/BYOG_Crumble/Content/StarterContent/Textures/T_Brick_Clay_Beveled_N.uasset" 1428
"C:/unreal projects/BYOG_Crumble/Content/StarterContent/Textures/T_Brick_Clay_Beveled_N.uexp" 1429
"C:/unreal projects/BYOG_Crumble/Content/StarterContent/Textures/T_Brick_Clay_Beveled_D.ubulk" 1430
"C:/unreal projects/BYOG_Crumble/Content/StarterContent/Textures/T_Brick_Clay_Beveled_D.uasset" 1431
"C:/unreal projects/BYOG_Crumble/Content/StarterContent/Textures/T_Brick_Clay_Beveled_D.uexp" 1432
"C:/unreal projects/BYOG_Crumble/Content/StarterContent/Materials/M_Brick_Clay_Beveled.uasset" 1433
"C:/unreal projects/BYOG_Crumble/Content/StarterContent/Materials/M_Brick_Clay_Beveled.uexp" 1434
"C:/unreal projects/BYOG_Crumble/Content/StarterContent/Textures/T_Tech_Hex_Tile_M.ubulk" 1435
"C:/unreal projects/BYOG_Crumble/Content/StarterContent/Textures/T_Tech_Hex_Tile_M.uasset" 1436
"C:/unreal projects/BYOG_Crumble/Content/StarterContent/Textures/T_Tech_Hex_Tile_M.uexp" 1437
"C:/unreal projects/BYOG_Crumble/Content/StarterContent/Textures/T_Tech_Hex_Tile_N.ubulk" 1438
"C:/unreal projects/BYOG_Crumble/Content/StarterContent/Textures/T_Tech_Hex_Tile_N.uasset" 1439
"C:/unreal projects/BYOG_Crumble/Content/StarterContent/Textures/T_Tech_Hex_Tile_N.uexp" 1440
"C:/unreal projects/BYOG_Crumble/Content/StarterContent/Materials/M_Tech_Hex_Tile.uasset" 1441
"C:/unreal projects/BYOG_Crumble/Content/StarterContent/Materials/M_Tech_Hex_Tile.uexp" 1442
"../../../Engine/Content/Functions/Engine_MaterialFunctions01/Opacity/AlphaOffset.uasset" 1443
"../../../Engine/Content/Functions/Engine_MaterialFunctions01/Opacity/AlphaOffset.uexp" 1444
"C:/unreal projects/BYOG_Crumble/Content/StarterContent/Textures/T_Wood_Floor_Walnut_M.ubulk" 1445
"C:/unreal projects/BYOG_Crumble/Content/StarterContent/Textures/T_Wood_Floor_Walnut_M.uasset" 1446
"C:/unreal projects/BYOG_Crumble/Content/StarterContent/Textures/T_Wood_Floor_Walnut_M.uexp" 1447
"C:/unreal projects/BYOG_Crumble/Content/StarterContent/Textures/T_Wood_Floor_Walnut_D.ubulk" 1448
"C:/unreal projects/BYOG_Crumble/Content/StarterContent/Textures/T_Wood_Floor_Walnut_D.uasset" 1449
"C:/unreal projects/BYOG_Crumble/Content/StarterContent/Textures/T_Wood_Floor_Walnut_D.uexp" 1450
"C:/unreal projects/BYOG_Crumble/Content/StarterContent/Textures/T_Wood_Floor_Walnut_N.ubulk" 1451
"C:/unreal projects/BYOG_Crumble/Content/StarterContent/Textures/T_Wood_Floor_Walnut_N.uasset" 1452
"C:/unreal projects/BYOG_Crumble/Content/StarterContent/Textures/T_Wood_Floor_Walnut_N.uexp" 1453
"C:/unreal projects/BYOG_Crumble/Content/StarterContent/Materials/M_Wood_Floor_Walnut_Worn.uasset" 1454
"C:/unreal projects/BYOG_Crumble/Content/StarterContent/Materials/M_Wood_Floor_Walnut_Worn.uexp" 1455
"C:/unreal projects/BYOG_Crumble/Content/StarterContent/Textures/T_Ground_Gravel_N.ubulk" 1456
"C:/unreal projects/BYOG_Crumble/Content/StarterContent/Textures/T_Ground_Gravel_N.uasset" 1457
"C:/unreal projects/BYOG_Crumble/Content/StarterContent/Textures/T_Ground_Gravel_N.uexp" 1458
"C:/unreal projects/BYOG_Crumble/Content/StarterContent/Textures/T_Ground_Gravel_D.ubulk" 1459
"C:/unreal projects/BYOG_Crumble/Content/StarterContent/Textures/T_Ground_Gravel_D.uasset" 1460
"C:/unreal projects/BYOG_Crumble/Content/StarterContent/Textures/T_Ground_Gravel_D.uexp" 1461
"C:/unreal projects/BYOG_Crumble/Content/StarterContent/Materials/M_Ground_Gravel.uasset" 1462
"C:/unreal projects/BYOG_Crumble/Content/StarterContent/Materials/M_Ground_Gravel.uexp" 1463
"C:/unreal projects/BYOG_Crumble/Content/StarterContent/Audio/Steam01_Cue.uasset" 1464
"C:/unreal projects/BYOG_Crumble/Content/StarterContent/Audio/Steam01_Cue.uexp" 1465
"C:/unreal projects/BYOG_Crumble/Content/StarterContent/Particles/P_Steam_Lit.uasset" 1466
"C:/unreal projects/BYOG_Crumble/Content/StarterContent/Particles/P_Steam_Lit.uexp" 1467
"C:/unreal projects/BYOG_Crumble/Content/StarterContent/Blueprints/Blueprint_Effect_Steam.uasset" 1468
"C:/unreal projects/BYOG_Crumble/Content/StarterContent/Blueprints/Blueprint_Effect_Steam.uexp" 1469
"C:/unreal projects/BYOG_Crumble/Content/StarterContent/Audio/Fire_Sparks01_Cue.uasset" 1470
"C:/unreal projects/BYOG_Crumble/Content/StarterContent/Audio/Fire_Sparks01_Cue.uexp" 1471
"C:/unreal projects/BYOG_Crumble/Content/StarterContent/Textures/T_Spark_Core.ubulk" 1472
"C:/unreal projects/BYOG_Crumble/Content/StarterContent/Textures/T_Spark_Core.uasset" 1473
"C:/unreal projects/BYOG_Crumble/Content/StarterContent/Textures/T_Spark_Core.uexp" 1474
"C:/unreal projects/BYOG_Crumble/Content/StarterContent/Particles/Materials/M_Spark.uasset" 1475
"C:/unreal projects/BYOG_Crumble/Content/StarterContent/Particles/Materials/M_Spark.uexp" 1476
"C:/unreal projects/BYOG_Crumble/Content/StarterContent/Particles/Materials/M_Radial_Gradient.uasset" 1477
"C:/unreal projects/BYOG_Crumble/Content/StarterContent/Particles/Materials/M_Radial_Gradient.uexp" 1478
"C:/unreal projects/BYOG_Crumble/Content/StarterContent/Particles/P_Sparks.uasset" 1479
"C:/unreal projects/BYOG_Crumble/Content/StarterContent/Particles/P_Sparks.uexp" 1480
"C:/unreal projects/BYOG_Crumble/Content/StarterContent/Blueprints/Blueprint_Effect_Sparks.uasset" 1481
"C:/unreal projects/BYOG_Crumble/Content/StarterContent/Blueprints/Blueprint_Effect_Sparks.uexp" 1482
"C:/unreal projects/BYOG_Crumble/Content/StarterContent/Textures/T_Water_N.ubulk" 1483
"C:/unreal projects/BYOG_Crumble/Content/StarterContent/Textures/T_Water_N.uasset" 1484
"C:/unreal projects/BYOG_Crumble/Content/StarterContent/Textures/T_Water_N.uexp" 1485
"C:/unreal projects/BYOG_Crumble/Content/StarterContent/Materials/M_Water_Lake.uasset" 1486
"C:/unreal projects/BYOG_Crumble/Content/StarterContent/Materials/M_Water_Lake.uexp" 1487
"C:/unreal projects/BYOG_Crumble/Content/StarterContent/Architecture/Wall_400x200.ubulk" 1488
"C:/unreal projects/BYOG_Crumble/Content/StarterContent/Architecture/Wall_400x200.uasset" 1489
"C:/unreal projects/BYOG_Crumble/Content/StarterContent/Architecture/Wall_400x200.uexp" 1490
"C:/unreal projects/BYOG_Crumble/Content/StarterContent/Textures/T_Checker_Noise_M.ubulk" 1491
"C:/unreal projects/BYOG_Crumble/Content/StarterContent/Textures/T_Checker_Noise_M.uasset" 1492
"C:/unreal projects/BYOG_Crumble/Content/StarterContent/Textures/T_Checker_Noise_M.uexp" 1493
"C:/unreal projects/BYOG_Crumble/Content/StarterContent/Textures/T_Tech_Dot_M.ubulk" 1494
"C:/unreal projects/BYOG_Crumble/Content/StarterContent/Textures/T_Tech_Dot_M.uasset" 1495
"C:/unreal projects/BYOG_Crumble/Content/StarterContent/Textures/T_Tech_Dot_M.uexp" 1496
"C:/unreal projects/BYOG_Crumble/Content/StarterContent/Textures/T_Tech_Dot_N.ubulk" 1497
"C:/unreal projects/BYOG_Crumble/Content/StarterContent/Textures/T_Tech_Dot_N.uasset" 1498
"C:/unreal projects/BYOG_Crumble/Content/StarterContent/Textures/T_Tech_Dot_N.uexp" 1499
"C:/unreal projects/BYOG_Crumble/Content/StarterContent/Textures/T_Single_Tile_N.ubulk" 1500
"C:/unreal projects/BYOG_Crumble/Content/StarterContent/Textures/T_Single_Tile_N.uasset" 1501
"C:/unreal projects/BYOG_Crumble/Content/StarterContent/Textures/T_Single_Tile_N.uexp" 1502
"C:/unreal projects/BYOG_Crumble/Content/StarterContent/Materials/M_Tech_Checker_Dot.uasset" 1503
"C:/unreal projects/BYOG_Crumble/Content/StarterContent/Materials/M_Tech_Checker_Dot.uexp" 1504
"C:/unreal projects/BYOG_Crumble/Content/StarterContent/Architecture/Floor_400x400.ubulk" 1505
"C:/unreal projects/BYOG_Crumble/Content/StarterContent/Architecture/Floor_400x400.uasset" 1506
"C:/unreal projects/BYOG_Crumble/Content/StarterContent/Architecture/Floor_400x400.uexp" 1507
"C:/unreal projects/BYOG_Crumble/Content/StarterContent/Props/SM_GlassWindow.ubulk" 1508
"C:/unreal projects/BYOG_Crumble/Content/StarterContent/Props/SM_GlassWindow.uasset" 1509
"C:/unreal projects/BYOG_Crumble/Content/StarterContent/Props/SM_GlassWindow.uexp" 1510
"C:/unreal projects/BYOG_Crumble/Content/StarterContent/Textures/T_Metal_Gold_N.ubulk" 1511
"C:/unreal projects/BYOG_Crumble/Content/StarterContent/Textures/T_Metal_Gold_N.uasset" 1512
"C:/unreal projects/BYOG_Crumble/Content/StarterContent/Textures/T_Metal_Gold_N.uexp" 1513
"C:/unreal projects/BYOG_Crumble/Content/StarterContent/Textures/T_Rock_Marble_Polished_D.ubulk" 1514
"C:/unreal projects/BYOG_Crumble/Content/StarterContent/Textures/T_Rock_Marble_Polished_D.uasset" 1515
"C:/unreal projects/BYOG_Crumble/Content/StarterContent/Textures/T_Rock_Marble_Polished_D.uexp" 1516
"C:/unreal projects/BYOG_Crumble/Content/StarterContent/Materials/M_Rock_Marble_Polished.uasset" 1517
"C:/unreal projects/BYOG_Crumble/Content/StarterContent/Materials/M_Rock_Marble_Polished.uexp" 1518
"C:/unreal projects/BYOG_Crumble/Content/StarterContent/Textures/T_Concrete_Grime_D.ubulk" 1519
"C:/unreal projects/BYOG_Crumble/Content/StarterContent/Textures/T_Concrete_Grime_D.uasset" 1520
"C:/unreal projects/BYOG_Crumble/Content/StarterContent/Textures/T_Concrete_Grime_D.uexp" 1521
"C:/unreal projects/BYOG_Crumble/Content/StarterContent/Materials/M_Concrete_Grime.uasset" 1522
"C:/unreal projects/BYOG_Crumble/Content/StarterContent/Materials/M_Concrete_Grime.uexp" 1523
"C:/unreal projects/BYOG_Crumble/Content/StarterContent/Textures/T_Ceramic_Tile_M.ubulk" 1524
"C:/unreal projects/BYOG_Crumble/Content/StarterContent/Textures/T_Ceramic_Tile_M.uasset" 1525
"C:/unreal projects/BYOG_Crumble/Content/StarterContent/Textures/T_Ceramic_Tile_M.uexp" 1526
"C:/unreal projects/BYOG_Crumble/Content/StarterContent/Textures/T_Ceramic_Tile_N.ubulk" 1527
"C:/unreal projects/BYOG_Crumble/Content/StarterContent/Textures/T_Ceramic_Tile_N.uasset" 1528
"C:/unreal projects/BYOG_Crumble/Content/StarterContent/Textures/T_Ceramic_Tile_N.uexp" 1529
"C:/unreal projects/BYOG_Crumble/Content/StarterContent/Materials/M_Ceramic_Tile_Checker.uasset" 1530
"C:/unreal projects/BYOG_Crumble/Content/StarterContent/Materials/M_Ceramic_Tile_Checker.uexp" 1531
"C:/unreal projects/BYOG_Crumble/Content/StarterContent/Textures/T_Rock_Sandstone_N.ubulk" 1532
"C:/unreal projects/BYOG_Crumble/Content/StarterContent/Textures/T_Rock_Sandstone_N.uasset" 1533
"C:/unreal projects/BYOG_Crumble/Content/StarterContent/Textures/T_Rock_Sandstone_N.uexp" 1534
"C:/unreal projects/BYOG_Crumble/Content/StarterContent/Textures/T_Rock_Sandstone_D.ubulk" 1535
"C:/unreal projects/BYOG_Crumble/Content/StarterContent/Textures/T_Rock_Sandstone_D.uasset" 1536
"C:/unreal projects/BYOG_Crumble/Content/StarterContent/Textures/T_Rock_Sandstone_D.uexp" 1537
"C:/unreal projects/BYOG_Crumble/Content/StarterContent/Materials/M_Rock_Sandstone.uasset" 1538
"C:/unreal projects/BYOG_Crumble/Content/StarterContent/Materials/M_Rock_Sandstone.uexp" 1539
"C:/unreal projects/BYOG_Crumble/Content/StarterContent/Textures/T_Wood_Walnut_N.ubulk" 1540
"C:/unreal projects/BYOG_Crumble/Content/StarterContent/Textures/T_Wood_Walnut_N.uasset" 1541
"C:/unreal projects/BYOG_Crumble/Content/StarterContent/Textures/T_Wood_Walnut_N.uexp" 1542
"C:/unreal projects/BYOG_Crumble/Content/StarterContent/Textures/T_Wood_Walnut_D.ubulk" 1543
"C:/unreal projects/BYOG_Crumble/Content/StarterContent/Textures/T_Wood_Walnut_D.uasset" 1544
"C:/unreal projects/BYOG_Crumble/Content/StarterContent/Textures/T_Wood_Walnut_D.uexp" 1545
"C:/unreal projects/BYOG_Crumble/Content/StarterContent/Materials/M_Wood_Walnut.uasset" 1546
"C:/unreal projects/BYOG_Crumble/Content/StarterContent/Materials/M_Wood_Walnut.uexp" 1547
"C:/unreal projects/BYOG_Crumble/Content/StarterContent/Audio/Collapse_Cue.uasset" 1548
"C:/unreal projects/BYOG_Crumble/Content/StarterContent/Audio/Collapse_Cue.uexp" 1549
"C:/unreal projects/BYOG_Crumble/Content/StarterContent/Textures/T_Brick_Cut_Stone_N.ubulk" 1550
"C:/unreal projects/BYOG_Crumble/Content/StarterContent/Textures/T_Brick_Cut_Stone_N.uasset" 1551
"C:/unreal projects/BYOG_Crumble/Content/StarterContent/Textures/T_Brick_Cut_Stone_N.uexp" 1552
"C:/unreal projects/BYOG_Crumble/Content/StarterContent/Textures/T_Brick_Cut_Stone_D.ubulk" 1553
"C:/unreal projects/BYOG_Crumble/Content/StarterContent/Textures/T_Brick_Cut_Stone_D.uasset" 1554
"C:/unreal projects/BYOG_Crumble/Content/StarterContent/Textures/T_Brick_Cut_Stone_D.uexp" 1555
"C:/unreal projects/BYOG_Crumble/Content/StarterContent/Materials/M_Brick_Cut_Stone.uasset" 1556
"C:/unreal projects/BYOG_Crumble/Content/StarterContent/Materials/M_Brick_Cut_Stone.uexp" 1557
"C:/unreal projects/BYOG_Crumble/Content/StarterContent/Textures/T_Dust_Particle_D.ubulk" 1558
"C:/unreal projects/BYOG_Crumble/Content/StarterContent/Textures/T_Dust_Particle_D.uasset" 1559
"C:/unreal projects/BYOG_Crumble/Content/StarterContent/Textures/T_Dust_Particle_D.uexp" 1560
"C:/unreal projects/BYOG_Crumble/Content/StarterContent/Particles/Materials/M_Dust_Particle.uasset" 1561
"C:/unreal projects/BYOG_Crumble/Content/StarterContent/Particles/Materials/M_Dust_Particle.uexp" 1562
"C:/unreal projects/BYOG_Crumble/Content/StarterContent/Particles/P_Ambient_Dust.uasset" 1563
"C:/unreal projects/BYOG_Crumble/Content/StarterContent/Particles/P_Ambient_Dust.uexp" 1564
"C:/unreal projects/BYOG_Crumble/Content/StarterContent/Props/SM_WindowFrame.ubulk" 1565
"C:/unreal projects/BYOG_Crumble/Content/StarterContent/Props/SM_WindowFrame.uasset" 1566
"C:/unreal projects/BYOG_Crumble/Content/StarterContent/Props/SM_WindowFrame.uexp" 1567
"C:/unreal projects/BYOG_Crumble/Content/StarterContent/Textures/T_Metal_Copper_D.ubulk" 1568
"C:/unreal projects/BYOG_Crumble/Content/StarterContent/Textures/T_Metal_Copper_D.uasset" 1569
"C:/unreal projects/BYOG_Crumble/Content/StarterContent/Textures/T_Metal_Copper_D.uexp" 1570
"C:/unreal projects/BYOG_Crumble/Content/StarterContent/Materials/M_Metal_Copper.uasset" 1571
"C:/unreal projects/BYOG_Crumble/Content/StarterContent/Materials/M_Metal_Copper.uexp" 1572
"C:/unreal projects/BYOG_Crumble/Content/StarterContent/Textures/T_Water_M.ubulk" 1573
"C:/unreal projects/BYOG_Crumble/Content/StarterContent/Textures/T_Water_M.uasset" 1574
"C:/unreal projects/BYOG_Crumble/Content/StarterContent/Textures/T_Water_M.uexp" 1575
"C:/unreal projects/BYOG_Crumble/Content/StarterContent/Materials/M_Water_Ocean.uasset" 1576
"C:/unreal projects/BYOG_Crumble/Content/StarterContent/Materials/M_Water_Ocean.uexp" 1577
"C:/unreal projects/BYOG_Crumble/Content/StarterContent/Textures/T_CobbleStone_Pebble_N.ubulk" 1578
"C:/unreal projects/BYOG_Crumble/Content/StarterContent/Textures/T_CobbleStone_Pebble_N.uasset" 1579
"C:/unreal projects/BYOG_Crumble/Content/StarterContent/Textures/T_CobbleStone_Pebble_N.uexp" 1580
"C:/unreal projects/BYOG_Crumble/Content/StarterContent/Textures/T_CobbleStone_Pebble_M.ubulk" 1581
"C:/unreal projects/BYOG_Crumble/Content/StarterContent/Textures/T_CobbleStone_Pebble_M.uasset" 1582
"C:/unreal projects/BYOG_Crumble/Content/StarterContent/Textures/T_CobbleStone_Pebble_M.uexp" 1583
"C:/unreal projects/BYOG_Crumble/Content/StarterContent/Textures/T_CobbleStone_Pebble_D.ubulk" 1584
"C:/unreal projects/BYOG_Crumble/Content/StarterContent/Textures/T_CobbleStone_Pebble_D.uasset" 1585
"C:/unreal projects/BYOG_Crumble/Content/StarterContent/Textures/T_CobbleStone_Pebble_D.uexp" 1586
"C:/unreal projects/BYOG_Crumble/Content/StarterContent/Materials/M_CobbleStone_Pebble.uasset" 1587
"C:/unreal projects/BYOG_Crumble/Content/StarterContent/Materials/M_CobbleStone_Pebble.uexp" 1588
"C:/unreal projects/BYOG_Crumble/Content/StarterContent/Textures/T_Brick_Clay_Old_N.ubulk" 1589
"C:/unreal projects/BYOG_Crumble/Content/StarterContent/Textures/T_Brick_Clay_Old_N.uasset" 1590
"C:/unreal projects/BYOG_Crumble/Content/StarterContent/Textures/T_Brick_Clay_Old_N.uexp" 1591
"C:/unreal projects/BYOG_Crumble/Content/StarterContent/Textures/T_Brick_Clay_Old_D.ubulk" 1592
"C:/unreal projects/BYOG_Crumble/Content/StarterContent/Textures/T_Brick_Clay_Old_D.uasset" 1593
"C:/unreal projects/BYOG_Crumble/Content/StarterContent/Textures/T_Brick_Clay_Old_D.uexp" 1594
"C:/unreal projects/BYOG_Crumble/Content/StarterContent/Materials/M_Brick_Clay_Old.uasset" 1595
"C:/unreal projects/BYOG_Crumble/Content/StarterContent/Materials/M_Brick_Clay_Old.uexp" 1596
"C:/unreal projects/BYOG_Crumble/Content/StarterContent/Textures/T_Metal_Steel_D.ubulk" 1597
"C:/unreal projects/BYOG_Crumble/Content/StarterContent/Textures/T_Metal_Steel_D.uasset" 1598
"C:/unreal projects/BYOG_Crumble/Content/StarterContent/Textures/T_Metal_Steel_D.uexp" 1599
"C:/unreal projects/BYOG_Crumble/Content/StarterContent/Textures/T_Metal_Steel_N.ubulk" 1600
"C:/unreal projects/BYOG_Crumble/Content/StarterContent/Textures/T_Metal_Steel_N.uasset" 1601
"C:/unreal projects/BYOG_Crumble/Content/StarterContent/Textures/T_Metal_Steel_N.uexp" 1602
"C:/unreal projects/BYOG_Crumble/Content/StarterContent/Materials/M_Metal_Steel.uasset" 1603
"C:/unreal projects/BYOG_Crumble/Content/StarterContent/Materials/M_Metal_Steel.uexp" 1604
"C:/unreal projects/BYOG_Crumble/Content/StarterContent/Materials/M_Wood_Floor_Walnut_Polished.uasset" 1605
"C:/unreal projects/BYOG_Crumble/Content/StarterContent/Materials/M_Wood_Floor_Walnut_Polished.uexp" 1606
"C:/unreal projects/BYOG_Crumble/Content/StarterContent/Props/SM_Lamp_Wall.ubulk" 1607
"C:/unreal projects/BYOG_Crumble/Content/StarterContent/Props/SM_Lamp_Wall.uasset" 1608
"C:/unreal projects/BYOG_Crumble/Content/StarterContent/Props/SM_Lamp_Wall.uexp" 1609
"C:/unreal projects/BYOG_Crumble/Content/StarterContent/Blueprints/Blueprint_WallSconce.uasset" 1610
"C:/unreal projects/BYOG_Crumble/Content/StarterContent/Blueprints/Blueprint_WallSconce.uexp" 1611
"C:/unreal projects/BYOG_Crumble/Content/StarterContent/Textures/T_Tech_Panel_N.ubulk" 1612
"C:/unreal projects/BYOG_Crumble/Content/StarterContent/Textures/T_Tech_Panel_N.uasset" 1613
"C:/unreal projects/BYOG_Crumble/Content/StarterContent/Textures/T_Tech_Panel_N.uexp" 1614
"C:/unreal projects/BYOG_Crumble/Content/StarterContent/Textures/T_Tech_Panel_M.ubulk" 1615
"C:/unreal projects/BYOG_Crumble/Content/StarterContent/Textures/T_Tech_Panel_M.uasset" 1616
"C:/unreal projects/BYOG_Crumble/Content/StarterContent/Textures/T_Tech_Panel_M.uexp" 1617
"C:/unreal projects/BYOG_Crumble/Content/StarterContent/Materials/M_Tech_Panel.uasset" 1618
"C:/unreal projects/BYOG_Crumble/Content/StarterContent/Materials/M_Tech_Panel.uexp" 1619
"C:/unreal projects/BYOG_Crumble/Content/StarterContent/Materials/M_Tech_Hex_Tile_Pulse.uasset" 1620
"C:/unreal projects/BYOG_Crumble/Content/StarterContent/Materials/M_Tech_Hex_Tile_Pulse.uexp" 1621
"C:/unreal projects/BYOG_Crumble/Content/StarterContent/Props/SM_PillarFrame.ubulk" 1622
"C:/unreal projects/BYOG_Crumble/Content/StarterContent/Props/SM_PillarFrame.uasset" 1623
"C:/unreal projects/BYOG_Crumble/Content/StarterContent/Props/SM_PillarFrame.uexp" 1624
"C:/unreal projects/BYOG_Crumble/Content/StarterContent/Textures/T_TableRound_N.ubulk" 1625
"C:/unreal projects/BYOG_Crumble/Content/StarterContent/Textures/T_TableRound_N.uasset" 1626
"C:/unreal projects/BYOG_Crumble/Content/StarterContent/Textures/T_TableRound_N.uexp" 1627
"C:/unreal projects/BYOG_Crumble/Content/StarterContent/Textures/T_TableRound_M.ubulk" 1628
"C:/unreal projects/BYOG_Crumble/Content/StarterContent/Textures/T_TableRound_M.uasset" 1629
"C:/unreal projects/BYOG_Crumble/Content/StarterContent/Textures/T_TableRound_M.uexp" 1630
"C:/unreal projects/BYOG_Crumble/Content/StarterContent/Props/Materials/M_TableRound.uasset" 1631
"C:/unreal projects/BYOG_Crumble/Content/StarterContent/Props/Materials/M_TableRound.uexp" 1632
"C:/unreal projects/BYOG_Crumble/Content/StarterContent/Props/SM_TableRound.ubulk" 1633
"C:/unreal projects/BYOG_Crumble/Content/StarterContent/Props/SM_TableRound.uasset" 1634
"C:/unreal projects/BYOG_Crumble/Content/StarterContent/Props/SM_TableRound.uexp" 1635
"C:/unreal projects/BYOG_Crumble/Content/StarterContent/Textures/T_Fire_Tiled_D.ubulk" 1636
"C:/unreal projects/BYOG_Crumble/Content/StarterContent/Textures/T_Fire_Tiled_D.uasset" 1637
"C:/unreal projects/BYOG_Crumble/Content/StarterContent/Textures/T_Fire_Tiled_D.uexp" 1638
"C:/unreal projects/BYOG_Crumble/Content/StarterContent/Textures/T_Fire_SubUV.ubulk" 1639
"C:/unreal projects/BYOG_Crumble/Content/StarterContent/Textures/T_Fire_SubUV.uasset" 1640
"C:/unreal projects/BYOG_Crumble/Content/StarterContent/Textures/T_Fire_SubUV.uexp" 1641
"C:/unreal projects/BYOG_Crumble/Content/StarterContent/Particles/Materials/M_Fire_SubUV.uasset" 1642
"C:/unreal projects/BYOG_Crumble/Content/StarterContent/Particles/Materials/M_Fire_SubUV.uexp" 1643
"C:/unreal projects/BYOG_Crumble/Content/StarterContent/Particles/Materials/M_Heat_Distortion.uasset" 1644
"C:/unreal projects/BYOG_Crumble/Content/StarterContent/Particles/Materials/M_Heat_Distortion.uexp" 1645
"C:/unreal projects/BYOG_Crumble/Content/StarterContent/Particles/P_Fire.uasset" 1646
"C:/unreal projects/BYOG_Crumble/Content/StarterContent/Particles/P_Fire.uexp" 1647
"C:/unreal projects/BYOG_Crumble/Content/StarterContent/Audio/Fire01_Cue.uasset" 1648
"C:/unreal projects/BYOG_Crumble/Content/StarterContent/Audio/Fire01_Cue.uexp" 1649
"C:/unreal projects/BYOG_Crumble/Content/StarterContent/Blueprints/Blueprint_Effect_Fire.uasset" 1650
"C:/unreal projects/BYOG_Crumble/Content/StarterContent/Blueprints/Blueprint_Effect_Fire.uexp" 1651
"C:/unreal projects/BYOG_Crumble/Content/StarterContent/Textures/T_Wood_Oak_N.ubulk" 1652
"C:/unreal projects/BYOG_Crumble/Content/StarterContent/Textures/T_Wood_Oak_N.uasset" 1653
"C:/unreal projects/BYOG_Crumble/Content/StarterContent/Textures/T_Wood_Oak_N.uexp" 1654
"C:/unreal projects/BYOG_Crumble/Content/StarterContent/Textures/T_Wood_Oak_D.ubulk" 1655
"C:/unreal projects/BYOG_Crumble/Content/StarterContent/Textures/T_Wood_Oak_D.uasset" 1656
"C:/unreal projects/BYOG_Crumble/Content/StarterContent/Textures/T_Wood_Oak_D.uexp" 1657
"C:/unreal projects/BYOG_Crumble/Content/StarterContent/Materials/M_Wood_Oak.uasset" 1658
"C:/unreal projects/BYOG_Crumble/Content/StarterContent/Materials/M_Wood_Oak.uexp" 1659
"C:/unreal projects/BYOG_Crumble/Content/StarterContent/Architecture/Wall_Window_400x300.ubulk" 1660
"C:/unreal projects/BYOG_Crumble/Content/StarterContent/Architecture/Wall_Window_400x300.uasset" 1661
"C:/unreal projects/BYOG_Crumble/Content/StarterContent/Architecture/Wall_Window_400x300.uexp" 1662
"C:/unreal projects/BYOG_Crumble/Content/StarterContent/Textures/T_Brick_Hewn_Stone_N.ubulk" 1663
"C:/unreal projects/BYOG_Crumble/Content/StarterContent/Textures/T_Brick_Hewn_Stone_N.uasset" 1664
"C:/unreal projects/BYOG_Crumble/Content/StarterContent/Textures/T_Brick_Hewn_Stone_N.uexp" 1665
"C:/unreal projects/BYOG_Crumble/Content/StarterContent/Textures/T_Brick_Hewn_Stone_D.ubulk" 1666
"C:/unreal projects/BYOG_Crumble/Content/StarterContent/Textures/T_Brick_Hewn_Stone_D.uasset" 1667
"C:/unreal projects/BYOG_Crumble/Content/StarterContent/Textures/T_Brick_Hewn_Stone_D.uexp" 1668
"C:/unreal projects/BYOG_Crumble/Content/StarterContent/Textures/T_Brick_Hewn_Stone_M.ubulk" 1669
"C:/unreal projects/BYOG_Crumble/Content/StarterContent/Textures/T_Brick_Hewn_Stone_M.uasset" 1670
"C:/unreal projects/BYOG_Crumble/Content/StarterContent/Textures/T_Brick_Hewn_Stone_M.uexp" 1671
"C:/unreal projects/BYOG_Crumble/Content/StarterContent/Materials/M_Brick_Hewn_Stone.uasset" 1672
"C:/unreal projects/BYOG_Crumble/Content/StarterContent/Materials/M_Brick_Hewn_Stone.uexp" 1673
"C:/unreal projects/BYOG_Crumble/Content/StarterContent/Audio/Smoke01_Cue.uasset" 1674
"C:/unreal projects/BYOG_Crumble/Content/StarterContent/Audio/Smoke01_Cue.uexp" 1675
"C:/unreal projects/BYOG_Crumble/Content/StarterContent/Particles/P_Smoke.uasset" 1676
"C:/unreal projects/BYOG_Crumble/Content/StarterContent/Particles/P_Smoke.uexp" 1677
"C:/unreal projects/BYOG_Crumble/Content/StarterContent/Blueprints/Blueprint_Effect_Smoke.uasset" 1678
"C:/unreal projects/BYOG_Crumble/Content/StarterContent/Blueprints/Blueprint_Effect_Smoke.uexp" 1679
"C:/unreal projects/BYOG_Crumble/Content/StarterContent/Textures/T_CobbleStone_Rough_N.ubulk" 1680
"C:/unreal projects/BYOG_Crumble/Content/StarterContent/Textures/T_CobbleStone_Rough_N.uasset" 1681
"C:/unreal projects/BYOG_Crumble/Content/StarterContent/Textures/T_CobbleStone_Rough_N.uexp" 1682
"C:/unreal projects/BYOG_Crumble/Content/StarterContent/Textures/T_CobbleStone_Rough_D.ubulk" 1683
"C:/unreal projects/BYOG_Crumble/Content/StarterContent/Textures/T_CobbleStone_Rough_D.uasset" 1684
"C:/unreal projects/BYOG_Crumble/Content/StarterContent/Textures/T_CobbleStone_Rough_D.uexp" 1685
"C:/unreal projects/BYOG_Crumble/Content/StarterContent/Materials/M_CobbleStone_Rough.uasset" 1686
"C:/unreal projects/BYOG_Crumble/Content/StarterContent/Materials/M_CobbleStone_Rough.uexp" 1687
"C:/unreal projects/BYOG_Crumble/Content/StarterContent/Textures/T_Statue_M.ubulk" 1688
"C:/unreal projects/BYOG_Crumble/Content/StarterContent/Textures/T_Statue_M.uasset" 1689
"C:/unreal projects/BYOG_Crumble/Content/StarterContent/Textures/T_Statue_M.uexp" 1690
"C:/unreal projects/BYOG_Crumble/Content/StarterContent/Textures/T_Statue_N.ubulk" 1691
"C:/unreal projects/BYOG_Crumble/Content/StarterContent/Textures/T_Statue_N.uasset" 1692
"C:/unreal projects/BYOG_Crumble/Content/StarterContent/Textures/T_Statue_N.uexp" 1693
"C:/unreal projects/BYOG_Crumble/Content/StarterContent/Props/Materials/M_Statue.uasset" 1694
"C:/unreal projects/BYOG_Crumble/Content/StarterContent/Props/Materials/M_Statue.uexp" 1695
"C:/unreal projects/BYOG_Crumble/Content/StarterContent/Props/Materials/M_StatueGlass.uasset" 1696
"C:/unreal projects/BYOG_Crumble/Content/StarterContent/Props/Materials/M_StatueGlass.uexp" 1697
"C:/unreal projects/BYOG_Crumble/Content/StarterContent/Props/SM_Statue.ubulk" 1698
"C:/unreal projects/BYOG_Crumble/Content/StarterContent/Props/SM_Statue.uasset" 1699
"C:/unreal projects/BYOG_Crumble/Content/StarterContent/Props/SM_Statue.uexp" 1700
"C:/unreal projects/BYOG_Crumble/Content/StarterContent/Textures/T_ground_Moss_D.ubulk" 1701
"C:/unreal projects/BYOG_Crumble/Content/StarterContent/Textures/T_ground_Moss_D.uasset" 1702
"C:/unreal projects/BYOG_Crumble/Content/StarterContent/Textures/T_ground_Moss_D.uexp" 1703
"C:/unreal projects/BYOG_Crumble/Content/StarterContent/Textures/T_Ground_Moss_N.ubulk" 1704
"C:/unreal projects/BYOG_Crumble/Content/StarterContent/Textures/T_Ground_Moss_N.uasset" 1705
"C:/unreal projects/BYOG_Crumble/Content/StarterContent/Textures/T_Ground_Moss_N.uexp" 1706
"C:/unreal projects/BYOG_Crumble/Content/StarterContent/Materials/M_Ground_Moss.uasset" 1707
"C:/unreal projects/BYOG_Crumble/Content/StarterContent/Materials/M_Ground_Moss.uexp" 1708
"C:/unreal projects/BYOG_Crumble/Content/StarterContent/Props/SM_PillarFrame300.ubulk" 1709
"C:/unreal projects/BYOG_Crumble/Content/StarterContent/Props/SM_PillarFrame300.uasset" 1710
"C:/unreal projects/BYOG_Crumble/Content/StarterContent/Props/SM_PillarFrame300.uexp" 1711
"C:/unreal projects/BYOG_Crumble/Content/StarterContent/Materials/M_Metal_Chrome.uasset" 1712
"C:/unreal projects/BYOG_Crumble/Content/StarterContent/Materials/M_Metal_Chrome.uexp" 1713
"C:/unreal projects/BYOG_Crumble/Content/StarterContent/Textures/T_Metal_Gold_D.ubulk" 1714
"C:/unreal projects/BYOG_Crumble/Content/StarterContent/Textures/T_Metal_Gold_D.uasset" 1715
"C:/unreal projects/BYOG_Crumble/Content/StarterContent/Textures/T_Metal_Gold_D.uexp" 1716
"C:/unreal projects/BYOG_Crumble/Content/StarterContent/Materials/M_Metal_Gold.uasset" 1717
"C:/unreal projects/BYOG_Crumble/Content/StarterContent/Materials/M_Metal_Gold.uexp" 1718
"C:/unreal projects/BYOG_Crumble/Content/StarterContent/Textures/T_Ground_Grass_D.ubulk" 1719
"C:/unreal projects/BYOG_Crumble/Content/StarterContent/Textures/T_Ground_Grass_D.uasset" 1720
"C:/unreal projects/BYOG_Crumble/Content/StarterContent/Textures/T_Ground_Grass_D.uexp" 1721
"C:/unreal projects/BYOG_Crumble/Content/StarterContent/Textures/T_Ground_Grass_N.ubulk" 1722
"C:/unreal projects/BYOG_Crumble/Content/StarterContent/Textures/T_Ground_Grass_N.uasset" 1723
"C:/unreal projects/BYOG_Crumble/Content/StarterContent/Textures/T_Ground_Grass_N.uexp" 1724
"C:/unreal projects/BYOG_Crumble/Content/StarterContent/Materials/M_Ground_Grass.uasset" 1725
"C:/unreal projects/BYOG_Crumble/Content/StarterContent/Materials/M_Ground_Grass.uexp" 1726
"C:/unreal projects/BYOG_Crumble/Content/StarterContent/Audio/Starter_Background_Cue.uasset" 1727
"C:/unreal projects/BYOG_Crumble/Content/StarterContent/Audio/Starter_Background_Cue.uexp" 1728
"C:/unreal projects/BYOG_Crumble/Content/StarterContent/Maps/StarterMap_BuiltData.ubulk" 1729
"C:/unreal projects/BYOG_Crumble/Content/StarterContent/Maps/StarterMap_BuiltData.uasset" 1730
"C:/unreal projects/BYOG_Crumble/Content/StarterContent/Maps/StarterMap_BuiltData.uexp" 1731
"C:/unreal projects/BYOG_Crumble/Content/StarterContent/Props/SM_CornerFrame.ubulk" 1732
"C:/unreal projects/BYOG_Crumble/Content/StarterContent/Props/SM_CornerFrame.uasset" 1733
"C:/unreal projects/BYOG_Crumble/Content/StarterContent/Props/SM_CornerFrame.uexp" 1734
"C:/unreal projects/BYOG_Crumble/Content/StarterContent/Shapes/Shape_Sphere.ubulk" 1735
"C:/unreal projects/BYOG_Crumble/Content/StarterContent/Shapes/Shape_Sphere.uasset" 1736
"C:/unreal projects/BYOG_Crumble/Content/StarterContent/Shapes/Shape_Sphere.uexp" 1737
"C:/unreal projects/BYOG_Crumble/Content/StarterContent/Audio/Starter_Music_Cue.uasset" 1738
"C:/unreal projects/BYOG_Crumble/Content/StarterContent/Audio/Starter_Music_Cue.uexp" 1739
"C:/unreal projects/BYOG_Crumble/Content/StarterContent/Shapes/Shape_QuadPyramid.ubulk" 1740
"C:/unreal projects/BYOG_Crumble/Content/StarterContent/Shapes/Shape_QuadPyramid.uasset" 1741
"C:/unreal projects/BYOG_Crumble/Content/StarterContent/Shapes/Shape_QuadPyramid.uexp" 1742
"C:/unreal projects/BYOG_Crumble/Content/StarterContent/Textures/T_Brick_Clay_New_D.ubulk" 1743
"C:/unreal projects/BYOG_Crumble/Content/StarterContent/Textures/T_Brick_Clay_New_D.uasset" 1744
"C:/unreal projects/BYOG_Crumble/Content/StarterContent/Textures/T_Brick_Clay_New_D.uexp" 1745
"C:/unreal projects/BYOG_Crumble/Content/StarterContent/Textures/T_Brick_Clay_New_M.uasset" 1746
"C:/unreal projects/BYOG_Crumble/Content/StarterContent/Textures/T_Brick_Clay_New_M.uexp" 1747
"C:/unreal projects/BYOG_Crumble/Content/StarterContent/Textures/T_Brick_Clay_New_N.uasset" 1748
"C:/unreal projects/BYOG_Crumble/Content/StarterContent/Textures/T_Brick_Clay_New_N.uexp" 1749
"C:/unreal projects/BYOG_Crumble/Content/StarterContent/Materials/M_Brick_Clay_New.uasset" 1750
"C:/unreal projects/BYOG_Crumble/Content/StarterContent/Materials/M_Brick_Clay_New.uexp" 1751
"C:/unreal projects/BYOG_Crumble/Content/StarterContent/Textures/T_Metal_Aluminum_D.ubulk" 1752
"C:/unreal projects/BYOG_Crumble/Content/StarterContent/Textures/T_Metal_Aluminum_D.uasset" 1753
"C:/unreal projects/BYOG_Crumble/Content/StarterContent/Textures/T_Metal_Aluminum_D.uexp" 1754
"C:/unreal projects/BYOG_Crumble/Content/StarterContent/Materials/M_Metal_Burnished_Steel.uasset" 1755
"C:/unreal projects/BYOG_Crumble/Content/StarterContent/Materials/M_Metal_Burnished_Steel.uexp" 1756
"C:/unreal projects/BYOG_Crumble/Content/StarterContent/Props/SM_Chair.ubulk" 1757
"C:/unreal projects/BYOG_Crumble/Content/StarterContent/Props/SM_Chair.uasset" 1758
"C:/unreal projects/BYOG_Crumble/Content/StarterContent/Props/SM_Chair.uexp" 1759
"C:/unreal projects/BYOG_Crumble/Content/StarterContent/Textures/T_Concrete_Panels_D.ubulk" 1760
"C:/unreal projects/BYOG_Crumble/Content/StarterContent/Textures/T_Concrete_Panels_D.uasset" 1761
"C:/unreal projects/BYOG_Crumble/Content/StarterContent/Textures/T_Concrete_Panels_D.uexp" 1762
"C:/unreal projects/BYOG_Crumble/Content/StarterContent/Textures/T_Concrete_Panels_N.ubulk" 1763
"C:/unreal projects/BYOG_Crumble/Content/StarterContent/Textures/T_Concrete_Panels_N.uasset" 1764
"C:/unreal projects/BYOG_Crumble/Content/StarterContent/Textures/T_Concrete_Panels_N.uexp" 1765
"C:/unreal projects/BYOG_Crumble/Content/StarterContent/Materials/M_Concrete_Panels.uasset" 1766
"C:/unreal projects/BYOG_Crumble/Content/StarterContent/Materials/M_Concrete_Panels.uexp" 1767
"C:/unreal projects/BYOG_Crumble/Content/StarterContent/Maps/StarterMap.uexp" 1768
"C:/unreal projects/BYOG_Crumble/Content/StarterContent/Maps/StarterMap.umap" 1769
"C:/unreal projects/BYOG_Crumble/Content/StarterContent/Maps/Minimal_Default_BuiltData.ubulk" 1770
"C:/unreal projects/BYOG_Crumble/Content/StarterContent/Maps/Minimal_Default_BuiltData.uasset" 1771
"C:/unreal projects/BYOG_Crumble/Content/StarterContent/Maps/Minimal_Default_BuiltData.uexp" 1772
"C:/unreal projects/BYOG_Crumble/Content/StarterContent/Maps/Minimal_Default.uexp" 1773
"C:/unreal projects/BYOG_Crumble/Content/StarterContent/Maps/Minimal_Default.umap" 1774
"C:/unreal projects/BYOG_Crumble/Content/StarterContent/Maps/Advanced_Lighting_BuiltData.ubulk" 1775
"C:/unreal projects/BYOG_Crumble/Content/StarterContent/Maps/Advanced_Lighting_BuiltData.uasset" 1776
"C:/unreal projects/BYOG_Crumble/Content/StarterContent/Maps/Advanced_Lighting_BuiltData.uexp" 1777
"C:/unreal projects/BYOG_Crumble/Content/StarterContent/Materials/M_AssetPlatform.uasset" 1778
"C:/unreal projects/BYOG_Crumble/Content/StarterContent/Materials/M_AssetPlatform.uexp" 1779
"C:/unreal projects/BYOG_Crumble/Content/StarterContent/Architecture/SM_AssetPlatform.ubulk" 1780
"C:/unreal projects/BYOG_Crumble/Content/StarterContent/Architecture/SM_AssetPlatform.uasset" 1781
"C:/unreal projects/BYOG_Crumble/Content/StarterContent/Architecture/SM_AssetPlatform.uexp" 1782
"../../../Engine/Content/MapTemplates/Sky/DaylightAmbientCubemap.uasset" 1783
"../../../Engine/Content/MapTemplates/Sky/DaylightAmbientCubemap.uexp" 1784
"C:/unreal projects/BYOG_Crumble/Content/StarterContent/Blueprints/Assets/M_LightStage_Skybox_Master.uasset" 1785
"C:/unreal projects/BYOG_Crumble/Content/StarterContent/Blueprints/Assets/M_LightStage_Skybox_Master.uexp" 1786
"C:/unreal projects/BYOG_Crumble/Content/StarterContent/Blueprints/Assets/M_LightStage_Skybox_HDRI.uasset" 1787
"C:/unreal projects/BYOG_Crumble/Content/StarterContent/Blueprints/Assets/M_LightStage_Skybox_HDRI.uexp" 1788
"C:/unreal projects/BYOG_Crumble/Content/StarterContent/HDRI/HDRI_Epic_Courtyard_Daylight.uasset" 1789
"C:/unreal projects/BYOG_Crumble/Content/StarterContent/HDRI/HDRI_Epic_Courtyard_Daylight.uexp" 1790
"C:/unreal projects/BYOG_Crumble/Content/StarterContent/Blueprints/Assets/SunlightColorLUT.uasset" 1791
"C:/unreal projects/BYOG_Crumble/Content/StarterContent/Blueprints/Assets/SunlightColorLUT.uexp" 1792
"C:/unreal projects/BYOG_Crumble/Content/StarterContent/Blueprints/Assets/M_LightStage_Skybox_Black.uasset" 1793
"C:/unreal projects/BYOG_Crumble/Content/StarterContent/Blueprints/Assets/M_LightStage_Skybox_Black.uexp" 1794
"C:/unreal projects/BYOG_Crumble/Content/StarterContent/Blueprints/Assets/FogBrightnessLUT.uasset" 1795
"C:/unreal projects/BYOG_Crumble/Content/StarterContent/Blueprints/Assets/FogBrightnessLUT.uexp" 1796
"C:/unreal projects/BYOG_Crumble/Content/StarterContent/Blueprints/Assets/SM_Arrows.ubulk" 1797
"C:/unreal projects/BYOG_Crumble/Content/StarterContent/Blueprints/Assets/SM_Arrows.uasset" 1798
"C:/unreal projects/BYOG_Crumble/Content/StarterContent/Blueprints/Assets/SM_Arrows.uexp" 1799
"C:/unreal projects/BYOG_Crumble/Content/StarterContent/Blueprints/Assets/M_LightStage_Arrows.uasset" 1800
"C:/unreal projects/BYOG_Crumble/Content/StarterContent/Blueprints/Assets/M_LightStage_Arrows.uexp" 1801
"../../../Engine/Content/ArtTools/RenderToTexture/MaterialFunctions/CheckerPattern.uasset" 1802
"../../../Engine/Content/ArtTools/RenderToTexture/MaterialFunctions/CheckerPattern.uexp" 1803
"../../../Engine/Content/Functions/Engine_MaterialFunctions02/ScreenResolution.uasset" 1804
"../../../Engine/Content/Functions/Engine_MaterialFunctions02/ScreenResolution.uexp" 1805
"../../../Engine/Content/Functions/Engine_MaterialFunctions02/Texturing/ScreenAlignedUVs.uasset" 1806
"../../../Engine/Content/Functions/Engine_MaterialFunctions02/Texturing/ScreenAlignedUVs.uexp" 1807
"../../../Engine/Content/EditorMaterials/Thumbnails/SkySphereMaterial.uasset" 1808
"../../../Engine/Content/EditorMaterials/Thumbnails/SkySphereMaterial.uexp" 1809
"C:/unreal projects/BYOG_Crumble/Content/StarterContent/Blueprints/Assets/Skybox.ubulk" 1810
"C:/unreal projects/BYOG_Crumble/Content/StarterContent/Blueprints/Assets/Skybox.uasset" 1811
"C:/unreal projects/BYOG_Crumble/Content/StarterContent/Blueprints/Assets/Skybox.uexp" 1812
"C:/unreal projects/BYOG_Crumble/Content/StarterContent/Blueprints/BP_LightStudio.uasset" 1813
"C:/unreal projects/BYOG_Crumble/Content/StarterContent/Blueprints/BP_LightStudio.uexp" 1814
"../../../Engine/Content/EditorMeshes/ColorCalibrator/M_GreyBall.uasset" 1815
"../../../Engine/Content/EditorMeshes/ColorCalibrator/M_GreyBall.uexp" 1816
"../../../Engine/Content/EditorMeshes/ColorCalibrator/M_ClearCoat.uasset" 1817
"../../../Engine/Content/EditorMeshes/ColorCalibrator/M_ClearCoat.uexp" 1818
"../../../Engine/Content/EditorMeshes/ColorCalibrator/M_ChromeBall.uasset" 1819
"../../../Engine/Content/EditorMeshes/ColorCalibrator/M_ChromeBall.uexp" 1820
"../../../Engine/Content/EditorMeshes/ColorCalibrator/M_ClearCoatBlack.uasset" 1821
"../../../Engine/Content/EditorMeshes/ColorCalibrator/M_ClearCoatBlack.uexp" 1822
"../../../Engine/Content/EditorMeshes/ColorCalibrator/Color_checker.ubulk" 1823
"../../../Engine/Content/EditorMeshes/ColorCalibrator/Color_checker.uasset" 1824
"../../../Engine/Content/EditorMeshes/ColorCalibrator/Color_checker.uexp" 1825
"../../../Engine/Content/EditorMeshes/ColorCalibrator/M_ColorGrid.uasset" 1826
"../../../Engine/Content/EditorMeshes/ColorCalibrator/M_ColorGrid.uexp" 1827
"../../../Engine/Content/EditorMeshes/ColorCalibrator/SM_ColorCalibrator.ubulk" 1828
"../../../Engine/Content/EditorMeshes/ColorCalibrator/SM_ColorCalibrator.uasset" 1829
"../../../Engine/Content/EditorMeshes/ColorCalibrator/SM_ColorCalibrator.uexp" 1830
"C:/unreal projects/BYOG_Crumble/Content/StarterContent/Maps/Advanced_Lighting.uexp" 1831
"C:/unreal projects/BYOG_Crumble/Content/StarterContent/Maps/Advanced_Lighting.umap" 1832
"C:/unreal projects/BYOG_Crumble/Content/FirstPerson/Maps/FirstPersonMap.uexp" 1833
"C:/unreal projects/BYOG_Crumble/Content/FirstPerson/Maps/FirstPersonMap.umap" 1834
